Date,00:30,01:00,01:30,02:00,02:30,03:00,03:30,04:00,04:30,05:00,05:30,06:00,06:30,07:00,07:30,08:00,08:30,09:00,09:30,10:00,10:30,11:00,11:30,12:00,12:30,13:00,13:30,14:00,14:30,15:00,15:30,16:00,16:30,17:00,17:30,18:00,18:30,19:00,19:30,20:00,20:30,21:00,21:30,22:00,22:30,23:00,23:30,24:00:00
19/01/2014,61655,59217,58806,58125,57471,55174,53771,52437,51680,51211,51452,51798,52542,52953,53794,54545,55442,56453,58254,59614,60915,61509,62295,62818,63795,64131,62036,60166,59266,57654,56776,56024,56068,56284,57996,61374,64292,66150,66550,66156,64816,63677,62177,60881,61354,64235,63312,63397
20/01/2014,61985,59557,59522,59174,59040,57246,56192,55187,55378,55969,58369,60577,64759,68630,72357,74602,75184,75044,75433,75604,75495,75414,75823,75848,75356,75733,74490,74036,73689,72184,71195,70751,70556,70815,72135,75206,77673,79395,78355,76401,73959,71825,69332,67642,68023,70650,69583,69683
21/01/2014,67791,65124,64919,64369,64210,62483,61334,60446,60587,61025,63188,65330,69683,73250,76636,78491,78705,78250,78364,78194,78164,77869,78126,78286,77284,77566,76326,75701,75239,73608,72862,72454,72322,72549,73941,77094,79702,81222,80169,78027,75654,73405,71158,69424,69719,72284,71113,70897
22/01/2014,69057,66442,66328,65984,65699,63912,62601,61627,61811,62169,64277,66218,69829,73119,76479,78240,79001,79324,79547,79527,79222,79148,79678,79464,78583,78454,77131,76579,76181,74448,73362,72938,72798,72844,74041,77133,79887,81646,80535,78312,75805,73536,71413,69423,69638,71849,70600,70619
23/01/2014,68780,66149,66063,65803,65410,63439,62114,61029,60998,61151,63021,64939,69025,72943,76507,78699,78330,78120,77875,77881,77512,77284,77621,77518,76596,76655,75445,75120,74804,73439,72812,72667,72324,72596,73675,76664,78956,80594,79392,77167,74778,72397,69982,68131,68423,70690,69672,69544
24/01/2014,67817,65080,64570,64178,63651,61802,60752,59719,59597,59808,61760,63536,67633,71332,74858,76662,76866,76669,77014,76847,77002,76729,76966,77073,76214,76454,75044,74278,73998,72366,71558,70710,70340,70568,71863,75007,76995,78262,77047,75192,72897,70949,68956,67432,68150,70731,69805,69331
25/01/2014,67409,64551,64119,63183,62893,60837,59454,58284,57878,57565,58403,58830,60191,60966,62629,63682,64988,66250,67649,68376,68492,68411,68443,68952,69129,69468,67641,65932,65143,63164,62210,61421,61114,61224,62456,65641,68371,69731,69332,67941,66054,64414,63015,62013,62860,65958,65354,65469
26/01/2014,63790,61258,60855,60099,59649,57384,55932,54522,53808,53317,53633,53743,54423,54778,55531,56098,56562,57960,59413,60693,61735,62590,63441,64066,65126,65838,63795,62079,61313,59845,58978,58542,58362,58539,59948,62725,65364,67015,67424,66809,65404,64114,62538,61308,61759,64364,63520,63677
27/01/2014,62313,59883,59976,59612,59381,57645,56806,55812,56141,56696,59127,61454,65867,69570,73375,75582,75678,75736,75966,75972,75822,75658,75999,76398,75921,76125,75025,74620,74310,72652,71728,71309,71074,71202,72267,75328,78760,81017,80016,77881,75530,73204,70785,69091,69738,72025,70925,70995
28/01/2014,69319,66633,66330,65903,65576,63779,62734,61690,61691,62189,64261,66339,70138,74211,77869,79593,79295,79195,79232,79156,78767,78644,78806,78917,77906,78134,76952,76495,76070,74708,74049,73418,73235,73480,74906,77647,80489,82139,80710,78902,76282,74037,71688,69824,69908,72118,71137,70908
29/01/2014,69325,66502,66018,65692,65421,63403,62380,61583,61429,61681,63736,65668,69641,72894,76260,77855,78646,79059,79494,79759,79730,79647,80352,80442,79514,79634,78532,78162,77629,75911,74934,74351,74233,74227,74681,77264,80418,82273,81147,78978,76349,73954,71908,69798,70101,72444,71371,71378
30/01/2014,69552,66996,66575,66245,65847,63984,62628,61757,61519,61931,63822,65757,69762,73125,75934,77739,77583,77436,77589,77656,77657,77486,77621,77956,77008,77223,76060,75626,75268,73769,72853,72284,72033,72090,73151,75336,78608,80588,79587,77307,74803,72623,70547,68575,68738,71445,70534,70542
31/01/2014,68883,66275,67141,66805,66642,64800,63694,62683,62759,63082,65163,67146,71141,74944,78843,80503,80361,80416,80454,80414,79907,79560,79546,79185,78108,77720,76225,75103,74561,72730,71724,71144,70717,70858,71911,74803,77603,79227,78294,76415,74256,72333,70502,68747,69202,71808,70573,70341
01/02/2014,68452,65649,65050,64265,63742,61723,60199,58942,58303,58085,58931,59125,60346,61271,62871,63893,64774,66356,67946,68560,68934,68837,69258,69734,70173,70883,68858,67704,67064,65318,64331,63552,63106,63129,64114,66743,69725,71687,71292,70003,68625,67068,65630,64739,65638,68746,68152,68395
02/02/2014,66846,64418,64024,63411,63073,60904,59460,58054,57384,56878,57326,57455,58237,58563,59631,60106,60735,62082,63550,64673,65383,65537,65618,65762,66233,66447,64090,61993,60993,59128,58267,57407,57165,57119,58265,61232,65929,68936,69712,69368,68246,67257,65638,64551,65130,67804,67048,67179
03/02/2014,66050,63721,63844,63591,63699,62027,60997,60002,60170,60693,63061,65200,69218,72509,75696,77127,77004,77135,77155,76644,76067,75603,75254,74938,74170,74230,73098,72308,71661,69868,69088,68635,68245,68420,69522,72168,76104,78738,77915,75795,73587,71338,68949,67184,67584,70054,68852,68825
04/02/2014,67050,64268,65537,65138,64905,62918,61745,60553,60422,60620,62936,64931,69183,72566,75618,76965,76652,76619,76765,76292,75782,75282,75249,75192,73944,73931,72677,71814,71409,69638,68689,68264,68028,68141,69148,71891,75994,78517,77919,76049,73786,71486,69260,67539,67932,70159,68985,68716
05/02/2014,67084,64396,65217,64459,64278,62245,61106,60002,59811,60040,61818,63833,67231,70781,74044,75740,76203,76894,77284,77511,77558,77367,78129,78399,77648,77821,76710,76054,75689,74123,73097,72397,72089,71883,72181,74020,77581,80189,79359,77175,74866,72458,70290,68451,68711,71116,69860,69958
06/02/2014,68270,65677,65536,65030,64744,62780,61807,60694,60511,60969,62902,64872,68872,72761,76456,77368,77286,77263,77201,76848,76503,76389,76428,76635,75617,75573,74418,73627,72963,71530,70653,69828,69270,69097,69652,71492,75193,77831,76745,74309,71939,69546,67419,65324,65354,67524,66359,66139
07/02/2014,64175,61659,61058,60458,60086,58051,56961,55789,55795,55949,58013,60094,64162,67904,71647,73248,73012,73369,73938,73954,74146,73787,73791,73891,72916,72931,71596,70486,69938,67765,66704,65885,64979,65103,65463,67503,71447,73989,73746,71934,69952,68097,66481,64914,65343,67847,67074,66757
08/02/2014,64888,62109,61617,60911,60277,58446,57100,55993,55338,55052,55712,56299,57733,58753,60450,61152,62015,63745,65292,66285,66779,66659,67303,68048,68449,69043,66887,65770,65030,63446,62354,61732,61492,61289,62193,64331,67872,70082,69810,68588,66902,65454,63948,63010,63776,66657,66337,66477
09/02/2014,64927,62352,61979,61399,60939,58937,57392,56138,55454,55007,55430,55617,56640,56860,57751,57854,58681,60101,61451,62672,63392,63723,64056,64412,64939,65309,63018,61174,60386,58620,57636,56989,57054,57134,57900,60331,65271,68344,69008,68303,66907,65538,64071,62921,63154,65593,64795,64866
10/02/2014,63359,60790,60725,60421,59985,58168,56973,55864,55909,56347,58646,60646,64742,67598,70488,71752,71756,72440,72966,73325,73408,73527,73651,74069,73355,73745,72702,71980,71812,70113,69230,68605,68168,68254,68883,70515,74134,77010,76413,74325,72087,69886,67544,65867,66210,68731,67670,67702
11/02/2014,65926,63366,64602,64171,64002,62031,60886,59832,59863,60334,62599,64438,68643,72077,75371,76064,75741,75832,75699,75456,75213,75180,75578,75858,75008,75463,74606,74031,73779,72123,71247,70739,70610,70580,71212,73009,76187,79161,78578,76503,74322,71819,69650,67671,67985,70604,69490,69368
12/02/2014,67504,64841,65904,65396,65032,63165,61890,60871,61006,61567,63731,65552,69601,72954,76151,76894,77258,77641,77360,76857,76082,75583,75515,75368,74255,74472,73249,72914,72722,71024,70143,69626,69841,69916,70493,72434,76192,79410,78456,76162,73827,71158,69133,67245,67148,69327,68405,68519
13/02/2014,66653,63998,64118,63660,63370,61317,60191,59013,58857,59070,61119,63034,67155,70762,74498,75426,75361,75588,75803,76054,75929,75961,76083,76212,75424,75370,74457,73867,73374,71702,70709,70138,69719,69544,70119,71847,75687,79520,78564,76599,74396,72017,69863,67866,68133,70486,69649,69544
14/02/2014,67667,65041,64510,64101,64059,62114,61157,59885,59869,60069,62155,63935,67909,71713,75134,76005,75621,76045,76157,75896,75834,75503,75739,75498,75096,75229,73813,72948,72407,70189,69037,68149,67648,67404,67833,69161,71930,74592,73667,71455,69418,67024,65092,63564,63795,66130,65514,64993
15/02/2014,62868,60066,59385,58605,57946,55969,54395,53096,52456,52042,52804,53359,54601,55634,57052,57542,58817,60448,62131,62816,63286,63179,63743,64266,64883,65303,63574,62332,61562,60094,58931,58312,58021,57893,58576,60272,63608,66584,66705,65475,63641,62245,60552,59828,60544,63701,63195,63438
16/02/2014,61942,59300,58944,58367,57831,55717,54226,52988,52363,51912,52288,52416,53312,53756,54428,54259,55442,56825,58341,59261,60103,60420,60511,61016,61529,61935,59636,57852,56739,54995,54002,53158,52908,52937,53638,55456,59632,64135,65132,64816,63607,62449,60900,59906,60415,63187,62500,62645
17/02/2014,61294,59005,59099,58689,58504,56841,55860,54970,55281,55814,58194,60451,64511,67885,70899,71533,71864,72284,71990,71753,71267,70632,70589,70554,69497,69535,68200,67259,66382,64349,63322,62364,62000,61799,62071,63853,67827,72663,72591,71169,68791,66893,64637,63205,63602,66416,65278,65309
18/02/2014,63666,60811,61640,61307,61133,59311,58129,57062,56836,57385,59463,61496,65482,68988,72378,73080,73400,74179,74213,74316,74015,73696,73913,73776,72477,72685,71325,70617,69980,68459,67352,66812,66454,66288,66556,67946,71069,75076,74557,72916,70476,67907,65793,64186,64216,66686,65673,65495
19/02/2014,63725,61050,60707,60306,59809,58010,56917,55721,55687,56146,57926,59890,63538,66966,69926,70484,71636,72052,72594,72743,72565,72315,72648,72307,71338,71341,70159,69470,69118,67461,66663,65820,65447,65218,65436,66901,69959,74078,73757,71766,69533,67004,64937,63140,63208,65574,64880,64707
20/02/2014,63018,60236,59923,59359,59040,57294,56041,55021,54894,55255,57207,58970,62881,66428,69386,69852,70150,70599,70723,70645,70470,70123,70687,70709,69779,69907,68869,68248,67625,66222,65059,64627,64209,63917,64243,65500,68261,72608,72274,70298,68284,65806,63775,61884,62032,64562,63651,63642
21/02/2014,61763,59260,58769,58380,58187,56298,55281,54410,54540,55027,56833,58789,62838,66390,69681,70009,70752,71175,71670,71349,71228,70835,71038,71116,70224,70436,68897,68034,67713,65875,65026,64212,63384,63071,63378,64832,67488,72111,72322,71075,69013,67245,65638,64245,64799,67450,66541,66316
22/02/2014,64625,61802,61362,60748,60411,58340,56973,55947,55334,55062,55968,56540,57997,58999,60015,60484,61756,63111,63996,64496,64438,64084,63998,64143,64159,64632,62487,61197,60348,58507,57471,56603,56047,55848,56460,57721,60657,65109,65740,64713,63098,61610,59954,59229,60218,63103,62749,62841
23/02/2014,61482,58732,58581,57888,57359,55359,53822,52714,52089,51589,51984,52331,53134,53495,53756,53758,54824,56270,57125,57592,57879,57722,57630,57565,57803,58000,55500,53670,52334,50542,49451,48629,48381,48238,49182,50886,54792,59979,61769,61766,60835,59792,58643,57496,58108,60958,60305,60542
24/02/2014,59127,56835,56649,56424,56308,54508,53568,52711,53049,53560,56060,58181,61899,65257,67767,68474,69174,69528,69505,68760,68178,67524,67500,67220,66353,66286,64983,64293,63476,61562,60415,59670,59077,58578,58604,59881,63035,68412,68867,67680,65431,63399,61565,59984,60478,63010,62495,62401
25/02/2014,60645,58135,57794,57478,57175,55368,54313,53457,53456,53887,55626,57666,61271,64250,66765,67520,68309,69240,69576,69844,69775,69766,70062,70332,69612,69664,68759,68351,68108,66662,65962,65573,65092,64858,65162,66423,68897,73080,73075,71500,69171,66882,64779,63170,63300,65960,64998,64764
26/02/2014,63180,60448,60026,59570,59539,57543,56552,55863,55652,56143,58222,60030,63484,65944,67970,68970,70250,70872,71286,71330,71170,71004,71139,71344,70499,70526,69284,68711,68123,66454,65302,64398,63919,63551,63424,64459,66758,71981,72789,71240,69064,67026,65141,63708,64097,66449,65853,65966
27/02/2014,64398,61885,62888,62468,62068,60181,58935,58147,58045,58240,60118,61840,65676,68913,70989,71926,72606,73517,73916,74017,73962,73963,74559,74856,74112,74067,73021,72346,71848,70143,69158,68460,68092,67750,67747,68701,70938,75418,75809,73943,71684,69368,67420,65511,65835,68450,67363,67202
28/02/2014,65503,62766,62373,61947,61588,59911,58690,57517,57661,57956,59712,61512,64895,67694,69830,70849,72186,73147,73537,73970,74094,73918,74626,74847,74419,74771,73531,72758,72413,70710,69624,68972,68394,67974,67946,68853,70987,74873,75217,73927,71846,69829,67938,66313,66895,69560,68596,68387
01/03/2014,66447,63622,63011,62401,61734,59747,58323,57216,56665,56376,57266,57680,59095,59965,60747,61183,62595,64169,65317,65872,65672,65569,65452,65858,66138,66652,64776,63165,62554,60804,59616,58751,58115,57757,58354,59609,62124,66670,68158,67291,65337,63845,62547,61907,62872,66194,65701,66034
02/03/2014,64523,62039,61884,61393,60857,58963,57613,56283,55729,55392,55797,56053,56924,57330,57198,57707,58798,59956,60783,61016,61170,60841,60685,60640,60953,61166,59059,57089,56101,54434,53753,52926,52682,53000,53941,55816,58808,63545,65628,65495,64230,62979,61385,60621,61073,63856,63233,63171
03/03/2014,61661,59306,59095,58798,58488,56608,55577,54668,54715,55318,57459,59626,63061,65709,67616,68828,70273,71385,72206,72466,72600,72621,72758,73391,72888,72929,71853,71405,71110,69421,68323,67742,67182,66829,66768,67884,70519,75132,76257,74571,71788,69723,67581,66043,66500,69167,68112,68021
04/03/2014,66136,63488,63927,63253,63300,61279,60131,59110,58977,59262,61350,63132,66789,68761,69962,70965,71927,72476,72836,72578,72044,71509,71725,71734,70943,71065,69967,69309,68843,67122,66087,65499,65140,64893,65006,66020,68223,72761,73795,72514,69999,67794,65972,64140,64728,67175,66263,66124
05/03/2014,64730,61996,63309,62846,62758,60859,59770,58719,58630,58879,61122,62760,66333,68090,69130,70377,71256,71652,71618,70874,70088,69211,68834,68573,67597,67339,66108,65129,64494,62533,61202,60418,59964,59529,59498,60471,62579,67779,70071,69470,67189,65439,63767,62490,63046,65619,64784,64934
06/03/2014,63263,60797,62186,61716,61573,59651,58656,57896,57780,58238,60311,62466,65827,68709,70410,71493,72324,72321,72174,71215,70369,69230,68608,68151,66950,66914,65624,64654,63937,61998,60604,59782,59117,58754,58586,59900,61813,67197,69710,68856,66629,64789,63019,61795,62223,64845,64045,64194
07/03/2014,62556,60348,60191,59797,59683,58009,57049,56317,56489,56958,58917,60711,64484,67052,68938,70138,70817,71000,70699,70149,68842,68064,67346,67138,65896,65708,63974,62960,62159,60339,59001,58052,57416,56932,57210,58282,60235,64723,66966,66166,64133,62266,60791,59525,59981,62737,61971,62071
08/03/2014,60234,57933,57263,56806,56372,54455,53175,52188,51672,51697,52472,53198,54815,55424,55996,56878,58042,58898,59324,58940,58179,57212,56613,56350,56607,56660,54434,52909,51756,50020,48813,47785,47031,46591,46808,48006,50185,54887,57858,57771,56103,54756,53575,52856,53890,56805,56499,56965
09/03/2014,55491,53214,52850,52358,51997,49938,48720,47467,46924,46561,47083,47428,48368,48451,48236,48893,49720,50511,51085,51153,51022,50722,50750,50809,51299,51422,49073,47022,46047,44346,43259,42273,41582,41301,41761,43162,45813,50637,54796,55207,54177,53417,52110,51209,51949,54869,54380,54588
10/03/2014,53140,51039,50907,50726,50540,49159,48202,47548,47816,48622,50978,53279,57123,60267,62178,63424,63776,63853,63701,63139,62275,61614,61126,61074,60064,60264,59115,58518,57978,56335,55196,54397,53852,53317,53204,54221,56223,61167,64166,63265,60890,58905,56962,55582,56052,58436,57745,57711
11/03/2014,56121,53695,53389,53085,52678,50927,49893,49008,49079,49721,51690,53685,57378,60330,62030,63094,63910,64642,64598,64260,63769,63165,63032,63128,62264,62133,61015,60477,59702,58143,57183,56382,55889,55398,55620,56470,58494,63051,65891,65087,62717,60668,58813,57048,57461,59674,59210,58892
12/03/2014,57287,54772,54582,54137,53872,52246,51224,50620,50483,51132,53069,55136,58692,61122,63009,64155,64863,65288,65293,64708,63820,63362,62734,62536,61606,61445,60205,59338,58958,57056,56240,55015,54574,53915,53883,54810,56718,61502,64646,64149,61780,59765,58068,56621,56865,59289,58822,58860
13/03/2014,57176,54735,54358,54152,53797,52083,51310,50382,50337,51065,53012,55133,59104,61759,63656,64777,65228,65055,65008,64397,63607,62989,62337,62231,61349,61026,59842,58996,58535,56900,55689,55026,54426,53663,53574,54332,56355,60809,64126,63740,61216,59115,57510,55784,56187,58664,58086,57926
14/03/2014,56481,53831,53531,53190,52885,51247,50075,49542,49554,50083,52193,54022,57831,60328,62568,63687,64152,64162,64153,63529,62768,62110,61488,61255,60343,60208,58826,57615,57081,55390,54222,53325,52369,52071,52124,53018,54764,58561,61529,61093,59083,57257,55647,54543,55107,57876,57574,57256
15/03/2014,55176,52352,51813,51167,50654,48755,47562,46447,46015,45631,46611,47214,48770,48920,49457,50746,52338,53571,54902,55267,55467,55163,55216,55706,56005,56578,54601,53045,52426,50904,49854,49100,48623,48458,48733,49768,51494,55046,57695,57511,55903,54384,52822,52117,52670,55830,55428,55681
16/03/2014,54109,51605,51045,50438,49905,47811,46519,45369,44685,44403,44695,45088,45893,45405,45502,46258,47457,48541,49437,49975,50228,50185,50387,50639,51188,51263,48989,46971,46041,44215,42867,42095,41475,41056,41564,42643,44957,48901,53431,54486,53367,52398,51205,49960,50514,53230,52590,52907
17/03/2014,51694,49381,49317,48967,48746,47105,46075,45289,45349,46185,48366,50549,54704,56888,58841,60090,60679,61112,61463,61263,61026,60913,60718,60890,60327,60604,59383,58710,57996,56474,55438,54690,53950,53344,53271,53998,55710,59448,62934,62323,59689,57877,55839,54225,54481,57038,56325,56261
18/03/2014,54429,51886,52241,51771,51282,49520,48517,47581,47536,47977,49932,52075,56194,58635,61003,62109,62860,63371,63544,63484,63280,63062,63016,63188,62440,62540,61469,60700,60392,58987,57901,57373,56982,56828,57102,57951,59360,63189,65636,64664,62063,59926,57870,56171,56303,58682,57877,57585
19/03/2014,55651,52974,52531,52055,51626,49854,48845,48052,48037,48568,50594,52727,56399,58598,60566,61842,62714,63355,63417,63326,62740,62332,61940,62080,61254,61194,59769,58981,58542,56649,55767,54761,54020,53380,53203,53909,55513,58955,62705,62781,60313,58389,56416,54853,55160,57522,57124,57238
20/03/2014,55394,52828,52607,52288,52097,50420,49261,48591,48485,49128,51042,53459,57138,59577,61997,62474,62403,62080,61785,61039,60358,59961,59592,59576,58972,58851,57876,57040,56745,55339,54195,53409,52714,52218,52229,52890,54401,57912,61216,60952,58700,56507,54687,52987,53310,55578,54842,54698
21/03/2014,52782,50149,49642,49151,48731,46956,45990,44979,45072,45408,47327,49526,53012,55322,58005,59331,60132,60666,61478,61319,61067,61025,60849,61068,60446,60636,59218,58265,57151,56331,55105,54409,53818,53333,53728,54434,55819,58611,61241,61221,58891,57118,55375,53938,54535,57024,56258,55901
22/03/2014,53920,51120,50520,49632,49181,47082,45971,45030,44480,44411,45156,45921,47082,47188,48377,49658,51423,53250,54741,55480,55826,55988,56358,57298,57920,58523,56657,55186,54557,53023,52364,51685,51108,50895,51264,52489,53871,56758,59325,59767,58048,56537,55238,54313,55170,58195,57874,58091
23/03/2014,56598,53992,53462,53129,52473,50498,49113,48146,47667,47349,47733,48106,48735,48165,48894,49711,50826,51989,52913,53517,54002,54189,54895,55466,56339,56795,54725,52981,52249,50634,49827,49114,48810,48607,49346,50435,52293,55417,59570,60841,59921,58932,57915,56793,57342,60275,59536,59622
24/03/2014,58178,55817,55589,55244,55049,53280,52330,51486,51683,52463,54916,57235,60945,62621,64576,65431,65750,65963,65937,65345,64904,64696,64521,64841,64363,64803,63838,63226,62820,61336,60351,59861,59486,59303,59550,60724,62566,65949,68638,68446,66032,63844,61617,60001,60304,62752,61976,61653
25/03/2014,59997,57328,58267,57852,57421,55346,54369,53471,53389,53900,55960,58088,61603,63139,65053,66069,66466,66781,67049,67001,66675,66658,66864,67242,66783,66972,65925,65253,64965,63468,62549,62013,61639,61293,61409,62078,63660,66678,69289,69265,66736,64527,62342,60688,61044,63353,62325,62039
26/03/2014,60268,57661,58881,58329,58085,56064,55049,54345,54204,54753,56680,58837,61976,63258,65141,66199,66938,67284,67225,66609,66159,65703,65674,65887,65232,65416,64239,63823,63405,61930,60984,60358,59963,59677,59920,60745,62575,65732,68597,69050,66687,64646,62552,60905,61429,63678,62949,63116
27/03/2014,61274,58785,60087,59615,59320,57498,56603,55650,55541,55986,58253,60470,63775,65718,67439,68150,68208,68008,68002,67223,66543,66044,65766,65679,64894,65097,63466,62931,62692,61236,60253,59634,59075,58649,58735,59648,61375,64402,67386,67999,65723,63695,61711,59970,60329,62928,62092,62080
28/03/2014,60355,57806,58916,58557,58251,56432,55352,54469,54424,54902,57057,59084,62454,64677,67229,67901,67992,67695,67316,66473,65640,64908,64643,64281,63447,63513,61786,60799,60038,58265,57098,56319,55255,54876,54946,55792,57019,59704,62728,63755,61886,60110,58467,57185,57450,60016,59275,58993
29/03/2014,57195,54370,53937,53344,52717,50754,49493,48618,48096,48035,48727,49458,50197,50254,51670,52706,53744,54504,55165,55020,54626,53938,53576,53931,54227,54731,52795,51446,50625,48921,48072,47115,46547,46146,46321,47251,48967,51255,54016,55326,53835,52358,51029,49983,50763,53568,53340,53404
30/03/2014,51762,49202,48746,48146,48746,48146,47856,45572,44023,42924,42685,42650,43042,43350,43282,43019,44098,45432,46697,47646,48461,49039,49349,49846,50934,51683,49765,47863,46895,45277,44251,43327,42743,42250,42499,43052,44645,46527,48470,49835,51294,51990,51231,50047,50132,52708,52264,52424
31/03/2014,50753,48220,47845,47380,46954,45154,44252,43470,43212,43892,45535,47927,51455,55249,58065,58719,59713,60076,60425,59930,59542,59263,58943,58903,58373,58528,57437,57052,56667,55039,54097,53173,52472,51761,51209,51590,52411,54026,54435,54730,55203,55715,53892,52509,52712,55085,54273,54220
01/04/2014,52052,49484,48746,48238,48019,46126,45278,44356,44438,44703,46443,48416,52222,55814,58341,59234,59918,60292,60216,59824,59547,58935,58699,58930,58358,58512,57499,56746,56437,54911,53900,53083,52218,51274,50769,51214,51996,53340,53897,53692,54286,54902,53456,51682,51830,54017,53398,53106
02/04/2014,51131,48427,47836,47163,46834,45005,44040,43157,43006,43396,44884,46893,50135,53360,55443,56149,57737,58460,58883,59052,58888,58479,58669,59107,58462,58581,57256,56900,56561,55104,54065,53272,52648,52119,51661,51976,52965,54687,55125,54914,54625,54693,53076,51445,51414,53910,53128,53057
03/04/2014,50963,48074,47744,47119,46594,44870,43798,42790,42664,42816,44355,46090,49669,53328,55844,56773,57872,58577,59057,59104,59343,59336,59628,60072,59606,59881,58883,58658,58557,57190,56461,55788,55183,54387,54133,54723,55607,57227,57399,56907,56721,56359,54441,52820,52727,55036,54434,54275
04/04/2014,52056,49278,48617,47953,47393,45743,44623,43891,43577,43884,45334,47406,50827,54510,56895,58037,59142,59716,60450,60541,60306,60229,60321,60699,60018,60334,58873,58087,57788,56301,54985,54169,53342,52769,52639,52922,53338,54570,54320,54377,54299,55040,53890,52627,52729,55220,54737,54353
05/04/2014,52265,49365,48516,47793,46992,45224,43891,42917,42675,42371,42886,43587,44903,45679,46216,47294,48795,50249,51574,52014,52036,51688,51577,52089,52680,53216,51130,49876,49216,47636,46641,45717,44942,44421,44182,44662,45537,46649,47290,47494,47912,49035,48189,47184,47814,50632,50434,50611
06/04/2014,48705,46091,45461,44585,43851,41914,40614,39405,38745,38306,38376,38752,39362,39413,39266,39899,41160,42584,43846,44868,45511,46026,46595,47297,48264,48832,46813,45103,44271,42769,41843,40980,40528,40144,40204,40710,41808,43440,44614,45261,46306,48099,47291,46161,46332,49085,48493,48499
07/04/2014,46745,44271,43955,43411,42836,41282,40403,39564,39576,40040,41996,43949,47622,50963,52976,54261,55203,55817,56297,56188,55976,55791,55916,56379,55756,56263,55227,54878,54625,53264,52437,51770,51035,50435,50183,50225,50865,52471,52562,52247,51968,52593,51241,49655,49892,52161,51535,51228
08/04/2014,49316,46536,45594,45240,45114,43357,42368,41668,41625,41936,43357,45584,49135,52539,54871,55926,57025,58002,58457,58452,58381,58276,58487,58828,58291,58624,57463,57183,57017,55387,54607,53853,53081,52560,52187,52240,53128,54435,54429,54022,53738,54527,53605,52239,52316,55086,54222,53854
09/04/2014,51896,49222,48664,48265,48013,46482,45469,44741,44923,45367,47057,49153,52653,55502,57620,58832,60222,60657,60882,60703,60355,59650,59397,59574,58743,58864,57815,57076,56857,55258,54037,53042,52278,51512,50679,51042,51648,52878,52943,52789,52347,53747,53266,51747,52104,54350,53721,53741
10/04/2014,51655,49060,48340,48120,47820,45907,45255,44221,44360,44869,46545,48714,52334,55320,57688,58824,59124,59342,59408,59036,58380,58069,58014,58036,57179,57477,56260,55630,55444,54237,53229,52409,51670,50911,50374,50637,51089,52483,52256,51942,51379,52731,52302,50612,50628,53115,52640,52398
11/04/2014,50273,47519,46956,46460,45997,44342,43475,42730,42833,43209,44656,46817,50190,52956,55196,56435,57131,57668,58028,57779,57472,57210,57336,57263,56870,56903,55620,54858,54561,53159,51917,51161,50125,49360,49225,49530,49902,50859,50792,50472,50222,51536,51279,50049,50220,52661,52005,51875
12/04/2014,49490,46677,45939,45355,44812,42785,41685,40782,40472,40344,40970,41572,42609,42993,43720,44935,46594,48001,49337,49648,49682,49304,49349,49797,50290,50918,48946,47682,47143,45673,44720,43514,43027,42559,42444,42857,43718,44967,45416,45568,45673,47008,46660,45865,46315,49316,49077,49088
13/04/2014,47194,44686,44110,43447,42735,40681,39299,38366,37854,37457,37666,37860,38485,38268,38356,39210,40655,42135,43382,44361,45030,45450,45923,46520,47584,48136,46246,44491,43663,42307,41323,40462,39805,39399,39691,40233,41523,42952,44169,44704,45485,47423,47405,46349,46806,49486,48870,48629
14/04/2014,46885,44596,44110,43748,43390,41754,40860,40079,40193,40843,42770,45106,48805,51227,53582,55004,56061,56603,57107,57101,57009,56917,57003,57274,56894,57146,56062,55536,55288,53878,52838,51934,51061,50348,49824,49956,50668,51925,52054,51779,51129,52167,51922,50515,50931,53334,52571,52410
15/04/2014,50413,47864,47207,46953,46332,44763,43862,43213,43290,43739,45449,47607,50782,52890,55380,56894,57747,58269,58656,58633,58340,58365,58298,58780,58184,58290,57218,56668,56418,54967,53910,53191,52502,51705,51339,51389,51955,53157,53386,52768,52312,53342,53462,52135,52357,54870,54021,53673
16/04/2014,51796,49001,48624,48038,47726,46160,45360,44777,44715,45277,46963,48909,52261,54336,56460,57931,59064,59678,59941,59682,59246,58940,58989,59066,58587,58597,57617,56925,56437,54956,53963,52955,52287,51489,51177,51238,51810,53145,53161,52720,52030,53093,53264,51985,52336,54605,53951,53836
17/04/2014,51843,49386,48840,48357,48126,46325,45538,44869,44784,45150,46849,48921,52117,54478,56844,57957,58760,58864,59101,58743,58545,58040,58164,58345,57526,57718,56596,55865,55755,54325,53354,52490,51554,50822,50356,50327,50999,52278,52132,51938,51330,52374,52244,50658,50900,53227,52815,52517
18/04/2014,50399,47588,46927,46552,46033,44267,43167,42446,42283,42620,44038,45425,48516,50372,52604,54257,55573,56377,57280,57378,57529,57566,57487,57828,57620,57810,56483,55900,55591,54064,52990,52252,51335,50784,50404,50737,51298,52179,52285,51700,51402,52178,52510,51616,52076,54282,53641,53427
19/04/2014,51466,48565,47739,47166,46469,44740,43626,42606,42444,42276,42967,43592,44524,44390,45478,46772,48457,49771,50984,51346,51335,51343,51338,51803,52357,53118,51322,50093,49725,48174,47217,46395,45683,45157,45162,45631,46381,47557,47953,48173,47907,48942,49251,48747,49484,52388,52091,52107
20/04/2014,50223,47539,46963,46298,45615,43702,42344,41140,40487,40126,40395,40525,40989,40322,40819,41836,43305,44896,46270,47109,47831,48126,48645,48856,49592,49936,47689,45948,44996,43636,42605,41987,41440,40944,41036,41618,42543,43968,45034,45784,46248,47350,48039,47253,48067,50782,50384,50244
21/04/2014,48440,45743,45293,44684,44075,42210,41048,40030,39656,39365,39828,40298,40913,40264,40888,41889,43049,44706,46002,47006,47911,48254,48666,49287,50072,50303,48274,46724,46085,44492,43524,42863,42305,41939,42106,42762,43970,45552,46581,46994,46988,47978,48562,47585,48188,51048,50269,50120
22/04/2014,48246,45716,45337,44672,44217,42531,41577,40754,40830,41412,43306,45474,48607,50337,53030,54666,56244,57142,57949,58285,58271,58165,58288,58663,58233,58522,57451,56818,56826,55336,54268,53796,52817,52071,51824,51901,52494,53738,53745,53320,52246,52412,52657,51391,51638,54127,53310,53027
23/04/2014,50850,48071,47466,46870,46642,44731,43704,43109,42931,43334,44848,46831,49339,50715,53299,54816,56439,57242,57808,57798,57551,57587,57559,57945,57421,57311,56527,56108,55948,54511,53679,52946,52102,51502,51043,51320,52024,53390,53207,52662,51612,51806,51884,50536,50860,53257,52625,52245
24/04/2014,50379,47508,46918,46350,45752,43997,42845,42087,41932,42269,43741,45451,48250,49922,52258,53937,55434,56030,56803,56965,57046,56840,57201,57414,56986,57244,56308,55801,55509,54131,53164,52670,51950,51096,50730,51112,51916,53211,53121,52324,51443,51671,51622,50388,50546,52958,52326,51793
25/04/2014,49785,46906,46099,45478,44919,43241,42261,41454,41395,41551,42965,44666,47423,49038,51481,53236,54930,55908,56771,57164,57447,57531,57952,58235,57868,58078,56936,56194,56006,54448,53380,52753,51722,51215,50762,50957,51387,52175,52081,51368,50432,50722,51000,50293,50583,52969,52325,51855
26/04/2014,49744,46883,46126,45458,44760,42905,41703,40767,40216,40268,40728,41318,41915,41826,42992,44248,45619,47024,48527,49085,49668,49836,50092,50708,51605,52139,50559,49329,48655,47296,46397,45693,45033,44581,44563,45154,45984,47416,47691,47523,46771,47294,47726,47133,47786,50799,50541,50570
27/04/2014,48515,46075,45444,44720,44122,42065,40771,39800,39219,38817,39090,39358,39483,38949,39658,40408,41611,43105,44469,45548,46536,47287,47991,48957,49848,50208,48369,46655,45930,44285,43426,42612,42272,41922,42133,42731,43656,45104,46101,46711,46728,47586,48453,47947,48419,51206,50489,50237
28/04/2014,48608,45862,45595,44925,44411,42796,41804,41030,41138,41744,43514,45313,47974,49640,52342,54268,55894,56854,57887,58283,58435,58641,58908,59251,58867,58983,58101,57597,57258,55748,54678,53914,53153,52271,51837,51970,52506,53839,53988,53430,52241,52164,52545,51676,51942,54579,53803,53536
29/04/2014,51449,48696,48164,47546,47108,45128,44301,43417,43366,43661,45195,46908,49374,51094,53732,55531,56845,58050,58525,58920,59037,58897,59163,59355,58931,58947,58098,57692,57298,55787,54920,54048,53353,52850,52414,52654,53391,54721,54769,54341,53041,52825,52969,52115,52299,54813,53972,53464
30/04/2014,51194,48611,47934,47358,46900,45018,44042,43140,43249,43518,45088,46791,49034,50553,53307,54989,56650,57577,58328,58411,58524,58432,58478,58582,58061,58337,57328,56689,56368,54914,53910,52862,51967,51300,50752,50714,51124,52075,51920,51149,50057,49792,50088,49436,49575,52204,51513,51041
03/06/2014,47200,44700,42200,42500,41900,40400,38600,37700,36800,36800,37500,38800,39800,42200,45100,48100,49900,50900,51900,52500,52700,52800,53100,53400,54400,53600,54500,53000,52700,53000,51400,51000,50300,49500,49100,48300,48800,49400,50400,49700,48700,46900,45700,45500,46000,47200,50000,48700
 31/05/2014,46300,44000,41700,41500,41000,39300,37500,36500,35400,34900,34700,35200,34600,35000,36000,37200,38900,40300,42100,43600,44400,44800,45000,45500,46300,46900,48000,45700,44800,45000,43400,42500,41600,41100,40500,40500,41200,41400,42100,42300,41700,40500,40000,40500,41700,43800,46900,46400
