2014-01-19,0.38,0.27
2014-01-19,0.39,0.28
2014-01-19,0.31,0.26
2014-01-19,0.12,0.1
2014-01-19,0.22,0.08
2014-01-19,0.1,0.09
2014-01-19,0.05,0.06
2014-01-19,0.06,0.02
2014-01-19,0.06,0.03
2014-01-19,0.06,0.03
2014-01-19,0.05,0.02
2014-01-19,0.04,0.03
2014-01-19,0.05,0.03
2014-01-19,0.04,0.03
2014-01-19,0.03,0.04
2014-01-19,0.03,0.04
2014-01-19,0.09,0.06
2014-01-19,0.09,0.08
2014-01-19,0.13,0.1
2014-01-19,0.14,0.11
2014-01-19,5.12,3.99
2014-01-19,5.86,3.85
2014-01-19,3.65,3.18
2014-01-19,0.25,0.13
2014-01-19,0.24,0.14
2014-01-19,0,0
2014-01-19,0,0
2014-01-19,0.27,0.12
2014-01-19,4.14,2.59
2014-01-19,2.72,2.13
2014-01-19,0.25,0.13
2014-01-19,5.97,3.29
2014-01-19,4.41,2.46
2014-01-19,0.24,0.13
2014-01-19,0.24,0.08
2014-01-19,0.3,0.14
2014-01-19,2.28,1.78
2014-01-20,0.16,0.13
2014-01-20,0.28,0.18
2014-01-20,0.02,0.01
2014-01-20,0.08,0.16
2014-01-20,0.08,0.15
2014-01-20,0.13,0.08
2014-01-20,0.01,0.06
2014-01-20,0,0.07
2014-01-20,0.29,0.16
2014-01-20,0.01,0.09
2014-01-20,2.98,1.57
2014-01-20,3.73,1.97
2014-01-20,4.34,2.35
2014-01-20,5.03,2.62
2014-01-20,7.15,5.27
2014-01-20,6.05,1.99
2014-01-20,6.45,1.92
2014-01-20,3.29,1.89
2014-01-20,1.23,0.9
2014-01-20,0.07,0.13
2014-01-20,0.03,0.01
2014-01-20,0.04,0.02
2014-01-20,0.01,0
2014-01-20,0.01,0
2014-01-20,0.36,0.13
2014-01-20,0.34,0.12
2014-01-20,0.2,0.11
2014-01-20,0.05,0.02
2014-01-20,0.04,0.04
2014-01-20,0.05,0.02
2014-01-20,0.1,0.02
2014-01-20,0.07,0.02
2014-01-20,0.23,0.27
2014-01-20,0,0.06
2014-01-20,0.12,0.07
2014-01-20,0.09,0.07
2014-01-20,0.15,0.05
2014-01-20,0.13,0.05
2014-01-20,0.03,0.03
2014-01-20,0.05,0.02
2014-01-20,0.13,0.08
2014-01-20,0.19,0.11
2014-01-20,0.11,0.06
2014-01-20,0,0.06
2014-01-20,0.1,0.06
2014-01-20,0.08,0.07
2014-01-20,0.07,0.02
2014-01-20,0.55,0.39
2014-01-20,0.15,0.05
2014-01-21,0.03,0.1
2014-01-21,0.05,0.17
2014-01-21,0.06,0.15
2014-01-21,0.08,0.07
2014-01-21,0.09,0.07
2014-01-21,0,0.08
2014-01-21,0.14,0.15
2014-01-21,0.19,0.2
2014-01-21,5.66,5.13
2014-01-21,10.58,6.43
2014-01-21,0.18,0.22
2014-01-21,0.86,1
2014-01-21,3.13,1.6
2014-01-21,0.14,0.1
2014-01-21,0.1,0.14
2014-01-21,0.38,0.19
2014-01-21,0.11,0.03
2014-01-21,0.05,0.01
2014-01-21,0.05,0.01
2014-01-21,0.02,0.01
2014-01-21,0.06,0.02
2014-01-21,0.08,0.03
2014-01-21,0.15,0.08
2014-01-21,0,0
2014-01-21,0,0
2014-01-21,0.3,0.12
2014-01-21,0.09,0.05
2014-01-21,0.16,0.06
2014-01-21,0.14,0.05
2014-01-21,0.17,0.04
2014-01-21,0.17,0.04
2014-01-21,4.22,2.88
2014-01-21,0.14,0.06
2014-01-21,0.29,0.1
2014-01-21,0.05,0.02
2014-01-21,0.1,0.05
2014-01-21,0.05,0.04
2014-01-21,0.05,0.04
2014-01-21,3.36,1.75
2014-01-21,2.73,1.82
2014-01-21,3.08,1.87
2014-01-21,0.08,0.05
2014-01-21,0.04,0.01
2014-01-21,0.04,0.01
2014-01-21,0.03,0.15
2014-01-22,6.6,5.42
2014-01-22,0.03,0.1
2014-01-22,0.04,0.15
2014-01-22,0.05,0.18
2014-01-22,0.05,0.18
2014-01-22,0.07,0.1
2014-01-22,0.06,0.07
2014-01-22,0.64,0.87
2014-01-22,0.85,0.54
2014-01-22,0.09,0.14
2014-01-22,0.21,0.11
2014-01-22,0.19,0.11
2014-01-22,0.01,0
2014-01-22,0.01,0
2014-01-22,0.33,0.14
2014-01-22,0.39,0.11
2014-01-22,2.09,1.75
2014-01-22,3.51,1.27
2014-01-22,3.83,1.8
2014-01-22,0.18,0.06
2014-01-22,0.12,0.07
2014-01-22,0.06,0.02
2014-01-22,0.11,0.03
2014-01-22,4.13,2.06
2014-01-22,1,0.88
2014-01-22,3.95,2.76
2014-01-22,4.46,1.87
2014-01-22,0.07,0.04
2014-01-22,0.07,0.04
2014-01-22,0.05,0.01
2014-01-22,0.03,0.01
2014-01-22,0.06,0.02
2014-01-22,0.15,0.04
2014-01-22,0.16,0.05
2014-01-22,0.15,0.06
2014-01-22,5.21,2.97
2014-01-22,5.64,4.79
2014-01-22,0.18,0.13
2014-01-22,0.17,0.13
2014-01-23,9.13,5.47
2014-01-23,9.91,6.23
2014-01-23,5.75,3.23
2014-01-23,0.46,0.25
2014-01-23,1.19,0.95
2014-01-23,1.31,0.8
2014-01-23,4.07,1.92
2014-01-23,3.8,1.79
2014-01-23,2.09,1
2014-01-23,3.92,1.81
2014-01-23,3.22,2.1
2014-01-23,2.51,1.96
2014-01-23,0.01,0.06
2014-01-23,0.18,0.19
2014-01-23,0.22,0.27
2014-01-23,0,0.05
2014-01-23,0.08,0.15
2014-01-23,0.07,0.07
2014-01-23,0.06,0.14
2014-01-23,0.08,0.16
2014-01-23,0.33,0.11
2014-01-23,0.35,0.11
2014-01-23,0.23,0.2
2014-01-23,0.23,0.2
2014-01-23,0.1,0.15
2014-01-23,0.2,0.07
2014-01-23,0.09,0.05
2014-01-23,0.14,0.06
2014-01-23,0.12,0.04
2014-01-23,0.07,0.02
2014-01-23,0.05,0.01
2014-01-23,0.04,0.02
2014-01-23,0.03,0.01
2014-01-23,0.23,0.09
2014-01-23,0,0
2014-01-23,0.11,0.03
2014-01-23,0.07,0.02
2014-01-23,0.06,0.01
2014-01-23,0.19,0.1
2014-01-23,0.09,0.05
2014-01-24,1.29,1.05
2014-01-24,0.63,0.4
2014-01-24,0.37,0.38
2014-01-24,0.18,0.12
2014-01-24,0.17,0.11
2014-01-24,0.02,0.06
2014-01-24,0.01,0.05
2014-01-24,0.05,0.07
2014-01-24,0.04,0.15
2014-01-24,0.05,0.07
2014-01-24,0.03,0.15
2014-01-24,0.01,0.01
2014-01-24,0.04,0.17
2014-01-24,0.05,0.07
2014-01-24,0.31,0.09
2014-01-24,0,0
2014-01-24,0.18,0.05
2014-01-24,0,0
2014-01-24,0.33,0.22
2014-01-24,0.31,0.17
2014-01-24,3.25,1.68
2014-01-24,2.02,1.04
2014-01-24,2.78,1.68
2014-01-24,4.95,2.83
2014-01-24,4.49,2.76
2014-01-24,9.9,5.01
2014-01-24,10.54,5.49
2014-01-24,10.24,5.68
2014-01-24,0.11,0.06
2014-01-24,0.13,0.03
2014-01-24,0.05,0.06
2014-01-24,0.12,0.06
2014-01-24,0.14,0.03
2014-01-24,0.3,0.09
2014-01-24,0.1,0.03
2014-01-24,0.25,0.14
2014-01-24,3.65,1.79
2014-01-24,0.06,0.01
2014-01-24,0.09,0.02
2014-01-24,0.05,0.02
2014-01-24,0.03,0.01
2014-01-24,1.02,0.83
2014-01-24,2.04,1.76
2014-01-24,0.1,0.02
2014-01-24,0.14,0.08
2014-01-24,0.05,0.11
2014-01-24,0.03,0.02
2014-01-25,0.2,0.11
2014-01-25,0.19,0.11
2014-01-25,0.12,0.07
2014-01-25,0.07,0.07
2014-01-25,0.1,0.08
2014-01-25,0.1,0.08
2014-01-25,0.09,0.07
2014-01-25,0.1,0.08
2014-01-25,0.02,0.01
2014-01-25,0.08,0.02
2014-01-25,0.08,0.05
2014-01-25,0.07,0.04
2014-01-25,0.02,0.06
2014-01-25,0.03,0.03
2014-01-25,0.05,0.02
2014-01-25,0.09,0.03
2014-01-25,0.1,0.02
2014-01-25,0,0
2014-01-25,0,0
2014-01-25,0.09,0.08
2014-01-25,0.19,0.12
2014-01-25,0.19,0.12
2014-01-25,0.15,0.14
2014-01-25,0.65,0.43
2014-01-25,1,0.8
2014-01-25,0.75,0.66
2014-01-25,3.19,1.67
2014-01-25,3.57,1.24
2014-01-25,3.12,1.88
2014-01-25,3.52,2.07
2014-01-25,5.97,4.14
2014-01-25,5.7,3.05
2014-01-25,5.58,2.68
2014-01-25,2.6,1.42
2014-01-25,0.02,0.06
2014-01-25,0.15,0.07
2014-01-26,0.22,0.08
2014-01-26,0.07,0.05
2014-01-26,0.11,0.08
2014-01-26,0.1,0.1
2014-01-26,0.14,0.11
2014-01-26,0.13,0.1
2014-01-26,0.09,0.08
2014-01-26,0.03,0.04
2014-01-26,0.05,0.01
2014-01-26,0.03,0.04
2014-01-26,0.04,0.03
2014-01-26,0.04,0.03
2014-01-26,0.05,0.02
2014-01-26,0.06,0.03
2014-01-26,0.07,0.06
2014-01-26,0.38,0.27
2014-01-26,0.1,0.09
2014-01-26,0.05,0.06
2014-01-26,0,0
2014-01-26,0.25,0.13
2014-01-26,0.37,0.15
2014-01-26,0.24,0.14
2014-01-26,0.18,0.14
2014-01-26,0.15,0.11
2014-01-26,5.11,3.09
2014-01-26,6.24,3.47
2014-01-26,6.08,3.73
2014-01-26,3.56,3.01
2014-01-26,4.79,4.37
2014-01-26,0.01,0.12
2014-01-26,0.41,0.17
2014-01-27,0,0.06
2014-01-27,0.08,0.07
2014-01-27,0.12,0.07
2014-01-27,0.1,0.06
2014-01-27,0.09,0.07
2014-01-27,0.02,0.01
2014-01-27,0.05,0.02
2014-01-27,0.07,0.02
2014-01-27,0.07,0.02
2014-01-27,0.05,0.02
2014-01-27,0.04,0.04
2014-01-27,0.15,0.05
2014-01-27,0.29,0.16
2014-01-27,0.28,0.18
2014-01-27,0.05,0.02
2014-01-27,0.04,0.09
2014-01-27,0.05,0.14
2014-01-27,0.08,0.16
2014-01-27,0.08,0.15
2014-01-27,0.12,0.08
2014-01-27,0.13,0.08
2014-01-27,0,0.07
2014-01-27,0.01,0.06
2014-01-27,0.11,0.05
2014-01-27,0.16,0.13
2014-01-27,0.13,0.08
2014-01-27,0.09,0.1
2014-01-27,0.06,0.12
2014-01-27,0.07,0.13
2014-01-27,0.12,0.16
2014-01-27,0.01,0
2014-01-27,0.01,0
2014-01-27,0.05,0.03
2014-01-27,0.36,0.13
2014-01-27,0.34,0.12
2014-01-27,0.2,0.11
2014-01-27,0.19,0.11
2014-01-27,4.88,4.45
2014-01-27,0.09,0.26
2014-01-27,4.02,2.68
2014-01-27,0.39,0.36
2014-01-27,0.21,0.51
2014-01-27,1.53,1.13
2014-01-27,2.81,1.75
2014-01-27,4.59,2.16
2014-01-27,2.8,1.43
2014-01-27,4.03,2.21
2014-01-27,7.72,5.01
2014-01-27,4.54,2.46
2014-01-28,0.05,0.01
2014-01-28,0.02,0.01
2014-01-28,0.08,0.03
2014-01-28,0.17,0.04
2014-01-28,0.14,0.05
2014-01-28,0.16,0.06
2014-01-28,0.1,0.05
2014-01-28,0.14,0.06
2014-01-28,0.05,0.04
2014-01-28,0.05,0.04
2014-01-28,0.05,0.02
2014-01-28,0.04,0.03
2014-01-28,0.06,0.04
2014-01-28,0.03,0.06
2014-01-28,0.03,0.1
2014-01-28,0.03,0.15
2014-01-28,0.05,0.17
2014-01-28,0.06,0.15
2014-01-28,0.08,0.07
2014-01-28,0.09,0.07
2014-01-28,0,0.05
2014-01-28,0,0.05
2014-01-28,0,0.05
2014-01-28,0,0.08
2014-01-28,0.14,0.15
2014-01-28,0.17,0.2
2014-01-28,0.19,0.2
2014-01-28,0.38,0.19
2014-01-28,0.14,0.1
2014-01-28,0,0
2014-01-28,0,0
2014-01-28,0.3,0.12
2014-01-28,0.29,0.1
2014-01-28,0.13,0.06
2014-01-28,0.15,0.08
2014-01-28,4.77,2.04
2014-01-28,4.53,2.05
2014-01-28,3.19,1.58
2014-01-28,3.46,2.24
2014-01-28,3.8,2.44
2014-01-28,4.45,3.12
2014-01-28,5.71,2.81
2014-01-28,9.57,6.07
2014-01-28,5.01,5.34
2014-01-28,1.49,1.12
2014-01-28,1.13,0.83
2014-01-28,0.41,0.3
2014-01-28,0.38,0.19
2014-01-28,0.32,0.17
2014-01-28,0.1,0.14
2014-01-28,3.67,1.65
2014-01-28,0.24,0.38
2014-01-28,0.04,0.01
2014-01-29,0.03,0.01
2014-01-29,0.06,0.02
2014-01-29,0.05,0.01
2014-01-29,0.06,0.02
2014-01-29,0.07,0.04
2014-01-29,0.12,0.07
2014-01-29,0.16,0.05
2014-01-29,0.15,0.06
2014-01-29,0.18,0.06
2014-01-29,0.11,0.03
2014-01-29,0.15,0.11
2014-01-29,0.17,0.13
2014-01-29,0.02,0.08
2014-01-29,0.06,0.07
2014-01-29,0.07,0.08
2014-01-29,0.06,0.1
2014-01-29,0.07,0.1
2014-01-29,0.05,0.18
2014-01-29,0.04,0.15
2014-01-29,0.03,0.1
2014-01-29,0.04,0.07
2014-01-29,0.01,0.02
2014-01-29,0.02,0.02
2014-01-29,0.08,0.04
2014-01-29,0.03,0.06
2014-01-29,0.21,0.15
2014-01-29,0.31,0.11
2014-01-29,0.19,0.11
2014-01-29,0.21,0.11
2014-01-29,0.14,0.12
2014-01-29,0.01,0
2014-01-29,0.01,0
2014-01-29,4.82,5.16
2014-01-29,2.8,3.8
2014-01-29,6.58,5.39
2014-01-29,7.99,5.38
2014-01-29,4.12,2.62
2014-01-29,0.42,0.31
2014-01-29,0.17,0.46
2014-01-29,0.99,0.94
2014-01-29,0.88,0.91
2014-01-29,2.56,1.81
2014-01-29,5.26,2.24
2014-01-29,4.82,2.02
2014-01-29,3.89,1.27
2014-01-29,2.59,1.59
2014-01-29,3.43,1.99
2014-01-29,3.06,2.12
2014-01-29,0.13,0.12
2014-01-29,0.21,0.15
2014-01-29,0.09,0.14
2014-01-29,0.01,0.03
2014-01-29,0.07,0.04
2014-01-29,0.07,0.05
2014-01-29,0.02,0.08
2014-01-29,0.18,0.13
2014-01-30,0.24,0.28
2014-01-30,0.06,0.05
2014-01-30,0,0.05
2014-01-30,0.01,0.06
2014-01-30,0,0.08
2014-01-30,0,0.08
2014-01-30,0.07,0.07
2014-01-30,0.06,0.14
2014-01-30,0.08,0.16
2014-01-30,0.06,0.06
2014-01-30,0.06,0.01
2014-01-30,0.03,0.01
2014-01-30,0.02,0.01
2014-01-30,0.09,0.05
2014-01-30,0.09,0.05
2014-01-30,0.12,0.05
2014-01-30,0.12,0.04
2014-01-30,0.11,0.03
2014-01-30,0.04,0.02
2014-01-30,0.07,0.02
2014-01-30,0.09,0.02
2014-01-30,0.07,0.02
2014-01-30,0.22,0.27
2014-01-30,0.18,0.19
2014-01-30,0.02,0
2014-01-30,0,0
2014-01-30,0.08,0.05
2014-01-30,0.08,0.05
2014-01-30,0.23,0.09
2014-01-30,0.19,0.1
2014-01-30,0.1,0.15
2014-01-30,0.23,0.2
2014-01-30,0.36,0.24
2014-01-30,0.36,0.24
2014-01-30,3.42,1.46
2014-01-30,3.49,1.95
2014-01-30,3.44,1.96
2014-01-30,2.13,1.37
2014-01-30,3.47,2.32
2014-01-30,5.04,3
2014-01-30,10.14,6.41
2014-01-30,9.38,4.95
2014-01-30,0.68,0.33
2014-01-30,1.26,0.9
2014-01-30,1.45,0.89
2014-01-30,0.01,0.05
2014-01-30,0.2,0.07
2014-01-31,0.05,0.07
2014-01-31,0.05,0.07
2014-01-31,0.01,0.05
2014-01-31,0.02,0.06
2014-01-31,0,0.07
2014-01-31,0.13,0.1
2014-01-31,0.17,0.11
2014-01-31,0.13,0.03
2014-01-31,0.14,0.03
2014-01-31,0.1,0.02
2014-01-31,0.1,0.03
2014-01-31,0.04,0.17
2014-01-31,0.05,0.07
2014-01-31,0.03,0.1
2014-01-31,0.03,0.15
2014-01-31,0.05,0.02
2014-01-31,0.09,0.02
2014-01-31,0.06,0.01
2014-01-31,0.03,0.01
2014-01-31,0.18,0.12
2014-01-31,0.04,0.15
2014-01-31,0.14,0.07
2014-01-31,0.14,0.08
2014-01-31,0.25,0.14
2014-01-31,0.33,0.22
2014-01-31,0.33,0.22
2014-01-31,0,0
2014-01-31,0,0
2014-01-31,0.18,0.05
2014-01-31,5.41,2.72
2014-01-31,0.02,0.28
2014-01-31,0.22,0.48
2014-01-31,1.07,0.91
2014-01-31,3.37,1.71
2014-01-31,4.22,1.9
2014-01-31,4.32,1.76
2014-01-31,2.51,1.62
2014-01-31,2.39,1.95
2014-01-31,4.68,2.03
2014-01-31,6.86,4.36
2014-01-31,10.61,6.1
2014-01-31,9.21,4.69
2014-01-31,0.31,0.09
2014-01-31,0.15,0.07
2014-01-31,0.07,0.03
2014-01-31,0.12,0.06
2014-01-31,0.11,0.06
2014-01-31,0.03,0.02
2014-02-01,0.08,0.02
2014-02-01,0.05,0.02
2014-02-01,0.07,0.04
2014-02-01,0.09,0.03
2014-02-01,0.09,0.03
2014-02-01,0.1,0.02
2014-02-01,0.08,0.02
2014-02-01,0.19,0.15
2014-02-01,0.15,0.14
2014-02-01,0,0
2014-02-01,0,0
2014-02-01,2.29,2.01
2014-02-01,7.98,5.19
2014-02-01,3.89,2.96
2014-02-01,6.54,3.95
2014-02-01,1.66,1.04
2014-02-01,2.17,1.64
2014-02-01,0.03,0.03
2014-02-01,2.22,1.53
2014-02-01,2.97,1.89
2014-02-01,0.07,0.07
2014-02-01,0.09,0.05
2014-02-01,0.18,0.08
2014-02-01,0.1,0.08
2014-02-01,0.09,0.07
2014-02-01,0.1,0.08
2014-02-01,0.1,0.08
2014-02-01,0.07,0.07
2014-02-01,0.11,0.08
2014-02-01,0.12,0.07
2014-02-01,0.15,0.07
2014-02-01,0.08,0.05
2014-02-01,0.67,0.15
2014-02-01,2.09,1.54
2014-02-01,1.45,1.57
2014-02-01,0.01,0.07
2014-02-01,0.1,0.08
2014-02-01,0.18,0.62
2014-02-02,0.07,0.06
2014-02-02,0,0
2014-02-02,0,0
2014-02-02,0.06,0.08
2014-02-02,0.19,0.09
2014-02-02,0.27,0.12
2014-02-02,0.37,0.15
2014-02-02,0.3,0.14
2014-02-02,0.15,0.11
2014-02-02,0.24,0.14
2014-02-02,0.07,0.07
2014-02-02,0.08,0.07
2014-02-02,0.05,0.03
2014-02-02,0.03,0.04
2014-02-02,0.03,0.04
2014-02-02,0.09,0.08
2014-02-02,0.14,0.11
2014-02-02,0.1,0.09
2014-02-02,0.05,0.06
2014-02-02,0.07,0.07
2014-02-02,0.04,0.03
2014-02-02,0.05,0.02
2014-02-02,0.06,0.03
2014-02-02,0.06,0.02
2014-02-02,4.14,4.26
2014-02-02,2.09,3.56
2014-02-02,5.04,3.47
2014-02-02,5.27,3.13
2014-02-02,4.48,3.81
2014-02-02,2.62,1.99
2014-02-02,3.04,2.5
2014-02-02,0.19,0.21
2014-02-02,0.13,0.16
2014-02-03,4.38,3.57
2014-02-03,0.1,0.02
2014-02-03,0.05,0.02
2014-02-03,0.07,0.02
2014-02-03,0.2,0.11
2014-02-03,0.19,0.11
2014-02-03,0.13,0.08
2014-02-03,0.04,0.09
2014-02-03,0.05,0.02
2014-02-03,0.05,0.02
2014-02-03,0.07,0.02
2014-02-03,0.27,0.1
2014-02-03,0.01,0
2014-02-03,0.01,0
2014-02-03,0.04,0.02
2014-02-03,0.03,0.01
2014-02-03,0.94,0.59
2014-02-03,5.02,4.3
2014-02-03,1.6,1.04
2014-02-03,3.55,1.65
2014-02-03,5.25,2.18
2014-02-03,5.13,2.03
2014-02-03,2.77,0.99
2014-02-03,1.98,1.57
2014-02-03,2.82,1.97
2014-02-03,2.97,1.8
2014-02-03,6.07,2.86
2014-02-03,9.01,5.42
2014-02-03,0.11,0.06
2014-02-03,0.09,0.07
2014-02-03,0.13,0.05
2014-02-03,0.15,0.05
2014-02-03,0.15,0.05
2014-02-03,0.29,0.16
2014-02-03,0.28,0.18
2014-02-03,0.16,0.13
2014-02-03,0.01,0.09
2014-02-03,0,0.07
2014-02-03,0.01,0.06
2014-02-03,0.15,0.08
2014-02-03,0.13,0.08
2014-02-03,0.08,0.15
2014-02-03,0.08,0.16
2014-02-03,0.05,0.14
2014-02-03,0.03,0.03
2014-02-03,0.04,0.04
2014-02-03,0.7,0.44
2014-02-03,0.18,0.14
2014-02-04,0.38,0.19
2014-02-04,0.38,0.19
2014-02-04,0,0
2014-02-04,0.32,0.17
2014-02-04,0.16,0.08
2014-02-04,0.14,0.1
2014-02-04,0.32,0.17
2014-02-04,0.08,0.07
2014-02-04,0.09,0.07
2014-02-04,0,0.05
2014-02-04,0,0.05
2014-02-04,0,0.08
2014-02-04,0.13,0.17
2014-02-04,0.09,0.15
2014-02-04,0.15,0.08
2014-02-04,0,0
2014-02-04,0.11,0.03
2014-02-04,0.17,0.04
2014-02-04,0.17,0.04
2014-02-04,0.11,0.04
2014-02-04,0.14,0.05
2014-02-04,0.16,0.06
2014-02-04,0.09,0.05
2014-02-04,0.1,0.05
2014-02-04,0.14,0.06
2014-02-04,0.08,0.05
2014-02-04,0.08,0.04
2014-02-04,0.42,0.17
2014-02-04,0.45,0.41
2014-02-04,1.17,0.71
2014-02-04,1.07,0.74
2014-02-04,3.97,1.52
2014-02-04,5.31,1.86
2014-02-04,3.11,1.28
2014-02-04,1.6,0.91
2014-02-04,2.37,1.41
2014-02-04,2.28,1.77
2014-02-04,3.32,2.1
2014-02-04,4.73,2.55
2014-02-04,8.82,5.27
2014-02-04,5.76,5.61
2014-02-04,0.05,0.02
2014-02-04,0.06,0.02
2014-02-04,0.08,0.03
2014-02-04,0.05,0.01
2014-02-04,0.06,0.15
2014-02-04,0.05,0.17
2014-02-04,0.03,0.15
2014-02-04,0.03,0.1
2014-02-04,0.03,0.06
2014-02-04,0.22,0.09
2014-02-05,0.05,0.18
2014-02-05,0.01,0
2014-02-05,0.31,0.11
2014-02-05,0.01,0
2014-02-05,0.07,0.1
2014-02-05,0.08,0.08
2014-02-05,0.06,0.05
2014-02-05,0.03,0.06
2014-02-05,0.02,0.08
2014-02-05,0.16,0.12
2014-02-05,0.06,0.1
2014-02-05,0.04,0.07
2014-02-05,0.03,0.1
2014-02-05,0.04,0.15
2014-02-05,0.05,0.18
2014-02-05,0.13,0.12
2014-02-05,0.12,0.11
2014-02-05,0.03,0.01
2014-02-05,0.06,0.02
2014-02-05,0.1,0.02
2014-02-05,0.11,0.03
2014-02-05,0.15,0.04
2014-02-05,0.16,0.05
2014-02-05,0.16,0.05
2014-02-05,0.15,0.06
2014-02-05,0.18,0.06
2014-02-05,0.18,0.06
2014-02-05,0.12,0.07
2014-02-05,0.07,0.05
2014-02-05,0.07,0.04
2014-02-05,0.1,0.05
2014-02-05,0.1,0.05
2014-02-05,3.69,3.78
2014-02-05,7.44,5.39
2014-02-05,9.05,5.76
2014-02-05,5.45,4.91
2014-02-05,4.97,2.98
2014-02-05,2.33,2
2014-02-05,0.04,0.1
2014-02-05,1.5,1.2
2014-02-05,1.68,1.24
2014-02-05,4.6,1.95
2014-02-05,4.42,1.94
2014-02-05,3.82,1.53
2014-02-05,4.04,1.44
2014-02-05,2.96,1.82
2014-02-05,0.13,0.09
2014-02-05,0.21,0.09
2014-02-05,0.33,0.14
2014-02-06,0.08,0.15
2014-02-06,0.01,0.05
2014-02-06,0.03,0.09
2014-02-06,0.06,0.14
2014-02-06,0.08,0.16
2014-02-06,0,0.08
2014-02-06,0.22,0.27
2014-02-06,0.13,0.14
2014-02-06,0.02,0
2014-02-06,0,0
2014-02-06,0.36,0.1
2014-02-06,0.18,0.06
2014-02-06,0.17,0.08
2014-02-06,0.35,0.21
2014-02-06,0.25,0.17
2014-02-06,0.06,0.01
2014-02-06,0.06,0.02
2014-02-06,0.09,0.02
2014-02-06,0.03,0.02
2014-02-06,0.04,0.02
2014-02-06,0.11,0.03
2014-02-06,0.12,0.04
2014-02-06,0.12,0.04
2014-02-06,0.12,0.05
2014-02-06,0.14,0.06
2014-02-06,0.2,0.07
2014-02-06,0.09,0.05
2014-02-06,0.09,0.05
2014-02-06,0.03,0.02
2014-02-06,0.03,0.02
2014-02-06,9.59,5.31
2014-02-06,8.79,5.39
2014-02-06,4.56,2.21
2014-02-06,3.49,2.4
2014-02-06,3.27,1.77
2014-02-06,0.61,0.51
2014-02-06,1.52,1.07
2014-02-06,1.55,0.92
2014-02-06,2.63,1.58
2014-02-06,4.58,2.04
2014-02-06,5.35,1.91
2014-02-06,2.74,0.97
2014-02-06,2.65,1.04
2014-02-06,0.14,0.17
2014-02-06,0.01,0.06
2014-02-06,0,0.08
2014-02-06,0,0.05
2014-02-06,0.07,0.07
2014-02-07,0.18,0.12
2014-02-07,0.19,0.1
2014-02-07,0.04,0.15
2014-02-07,0.05,0.07
2014-02-07,0.05,0.07
2014-02-07,0.01,0.05
2014-02-07,0.02,0.06
2014-02-07,0,0.07
2014-02-07,0.33,0.22
2014-02-07,0.33,0.22
2014-02-07,0.33,0.22
2014-02-07,0.03,0.1
2014-02-07,0.17,0.09
2014-02-07,0.43,0.55
2014-02-07,0.83,0.79
2014-02-07,1.1,0.96
2014-02-07,6.11,1.97
2014-02-07,6.14,2.04
2014-02-07,2.05,1.1
2014-02-07,3.25,1.52
2014-02-07,3.94,1.97
2014-02-07,2.69,1.8
2014-02-07,3.25,2.09
2014-02-07,3.07,2.05
2014-02-07,9.86,5.9
2014-02-07,8.85,5.46
2014-02-07,0.7,0.48
2014-02-07,0.14,0.08
2014-02-07,0.14,0.07
2014-02-07,0,0
2014-02-07,0,0
2014-02-07,0.31,0.09
2014-02-07,0.03,0.01
2014-02-07,0.09,0.02
2014-02-07,0.05,0.02
2014-02-07,0.1,0.03
2014-02-07,0.1,0.02
2014-02-07,0.14,0.03
2014-02-07,0.13,0.03
2014-02-07,0.13,0.03
2014-02-07,0.11,0.06
2014-02-07,0.12,0.06
2014-02-07,0.07,0.04
2014-02-07,0.05,0.06
2014-02-07,0.11,0.04
2014-02-07,0.04,0.17
2014-02-07,0.03,0.15
2014-02-07,0.05,0.07
2014-02-08,0.18,0.08
2014-02-08,0.08,0.04
2014-02-08,0.1,0.08
2014-02-08,0.09,0.05
2014-02-08,0.07,0.07
2014-02-08,0.1,0.08
2014-02-08,0.09,0.07
2014-02-08,0.1,0.08
2014-02-08,0.09,0.08
2014-02-08,0.19,0.12
2014-02-08,0.15,0.14
2014-02-08,0.19,0.15
2014-02-08,0.08,0.08
2014-02-08,0.14,0.08
2014-02-08,0.1,0.08
2014-02-08,0.11,0.07
2014-02-08,0,0
2014-02-08,0,0
2014-02-08,3.6,2.06
2014-02-08,5.63,2.76
2014-02-08,5.48,3.37
2014-02-08,7.82,4.1
2014-02-08,8.3,4.15
2014-02-08,7.43,3.52
2014-02-08,5.69,2.03
2014-02-08,1.58,1.12
2014-02-08,1.51,1.29
2014-02-08,2.28,1.32
2014-02-08,0.62,0.88
2014-02-08,0.09,0.41
2014-02-08,0.01,0.05
2014-02-08,0.08,0.02
2014-02-08,0.1,0.02
2014-02-08,0.09,0.03
2014-02-08,0.09,0.03
2014-02-08,0.08,0.02
2014-02-08,0.05,0.02
2014-02-08,0.03,0.03
2014-02-08,0.04,0.05
2014-02-08,0.07,0.04
2014-02-08,0.08,0.05
2014-02-08,0.15,0.07
2014-02-08,0.11,0.08
2014-02-08,0.07,0.07
2014-02-08,0.02,0.05
2014-02-08,0.01,0.07
2014-02-08,0.19,0.11
2014-02-08,0.2,0.11
2014-02-08,0.05,0.05
2014-02-08,0.09,0.05
2014-02-09,0.09,0.09
2014-02-09,0.1,0.08
2014-02-09,0.15,0.11
2014-02-09,0.24,0.14
2014-02-09,0.19,0.09
2014-02-09,0.06,0.08
2014-02-09,0.02,0.04
2014-02-09,0,0
2014-02-09,0,0
2014-02-09,0.12,0.1
2014-02-09,0.25,0.18
2014-02-09,0.58,0.16
2014-02-09,1.36,0.67
2014-02-09,4.59,2.51
2014-02-09,3.87,2.27
2014-02-09,5.03,3.37
2014-02-09,0.47,0.67
2014-02-09,0.06,0.02
2014-02-09,0.06,0.03
2014-02-09,0.05,0.02
2014-02-09,0.04,0.03
2014-02-09,0.05,0.03
2014-02-09,0.03,0.04
2014-02-09,0.03,0.04
2014-02-09,0.09,0.08
2014-02-09,0.13,0.1
2014-02-09,0.14,0.11
2014-02-09,0.1,0.09
2014-02-09,0.07,0.07
2014-02-09,0.08,0.07
2014-02-09,0.07,0.07
2014-02-09,0.11,0.08
2014-02-09,0.1,0.1
2014-02-09,0.1,0.12
2014-02-09,0.31,0.26
2014-02-09,0.39,0.28
2014-02-09,0.38,0.27
2014-02-09,0.23,0.16
2014-02-09,0.2,0.14
2014-02-10,0.2,0.17
2014-02-10,0.14,0.16
2014-02-10,0.12,0.16
2014-02-10,0.09,0.1
2014-02-10,0.13,0.08
2014-02-10,0.19,0.11
2014-02-10,0.2,0.11
2014-02-10,0.36,0.13
2014-02-10,0.01,0
2014-02-10,0.01,0
2014-02-10,0.11,0.06
2014-02-10,0.26,0.17
2014-02-10,0.5,0.49
2014-02-10,1.32,0.75
2014-02-10,5.34,2.25
2014-02-10,5.89,2.33
2014-02-10,5.78,2.09
2014-02-10,3.97,1.57
2014-02-10,3.99,1.51
2014-02-10,2.19,1.09
2014-02-10,3.12,1.49
2014-02-10,2.76,1.19
2014-02-10,2.55,1.92
2014-02-10,4.01,2.67
2014-02-10,9.86,5.75
2014-02-10,4.89,4.4
2014-02-10,3.62,3.9
2014-02-10,0.39,0.51
2014-02-10,0.04,0.02
2014-02-10,0.05,0.02
2014-02-10,0.05,0.02
2014-02-10,0.07,0.02
2014-02-10,0.07,0.02
2014-02-10,0.1,0.02
2014-02-10,0.05,0.02
2014-02-10,0.03,0.03
2014-02-10,0.04,0.04
2014-02-10,0.13,0.05
2014-02-10,0.15,0.05
2014-02-10,0.15,0.05
2014-02-10,0.11,0.06
2014-02-10,0.09,0.07
2014-02-10,0.12,0.07
2014-02-10,0.01,0.09
2014-02-10,0.16,0.13
2014-02-10,0.28,0.18
2014-02-10,0.08,0.15
2014-02-10,0.13,0.08
2014-02-10,0.01,0.06
2014-02-10,0,0.07
2014-02-10,0.01,0.09
2014-02-10,0.08,0.16
2014-02-10,0.04,0.06
2014-02-10,0.04,0.09
2014-02-10,0.05,0.14
2014-02-11,0.05,0.17
2014-02-11,0.06,0.15
2014-02-11,0.38,0.19
2014-02-11,0.38,0.19
2014-02-11,0.25,0.14
2014-02-11,0.32,0.17
2014-02-11,0.13,0.13
2014-02-11,0.14,0.1
2014-02-11,0.16,0.08
2014-02-11,0.13,0.06
2014-02-11,0,0
2014-02-11,0.09,0.07
2014-02-11,0.08,0.07
2014-02-11,0.08,0.07
2014-02-11,0,0
2014-02-11,0.03,0.15
2014-02-11,0.08,0.04
2014-02-11,2.06,0.99
2014-02-11,3.62,1.4
2014-02-11,5.94,1.92
2014-02-11,5.51,1.85
2014-02-11,4.12,1.26
2014-02-11,3.38,1.01
2014-02-11,2.98,1.88
2014-02-11,4.29,2.33
2014-02-11,4.25,2.14
2014-02-11,10.32,6.35
2014-02-11,7.18,5.5
2014-02-11,0.85,0.93
2014-02-11,0.03,0.09
2014-02-11,0,0.23
2014-02-11,0.08,0.05
2014-02-11,0.14,0.06
2014-02-11,0.1,0.05
2014-02-11,0.09,0.05
2014-02-11,0.16,0.06
2014-02-11,0.14,0.05
2014-02-11,0.11,0.04
2014-02-11,0.17,0.04
2014-02-11,0.05,0.02
2014-02-11,0.05,0.01
2014-02-11,0.06,0.02
2014-02-11,0.08,0.03
2014-02-11,0.11,0.03
2014-02-11,0.17,0.04
2014-02-11,0.03,0.06
2014-02-11,0.09,0.15
2014-02-11,0.17,0.2
2014-02-11,0.19,0.2
2014-02-11,0,0.05
2014-02-11,0.14,0.15
2014-02-12,0.03,0.06
2014-02-12,0.01,0
2014-02-12,0.01,0
2014-02-12,0.31,0.11
2014-02-12,0.21,0.11
2014-02-12,0.21,0.09
2014-02-12,0.13,0.09
2014-02-12,0.14,0.12
2014-02-12,0.21,0.15
2014-02-12,0.13,0.12
2014-02-12,0.1,0.05
2014-02-12,0.07,0.04
2014-02-12,0.18,0.06
2014-02-12,0.07,0.04
2014-02-12,0.15,0.04
2014-02-12,0.16,0.05
2014-02-12,0.16,0.05
2014-02-12,0.15,0.06
2014-02-12,0.18,0.06
2014-02-12,0.12,0.11
2014-02-12,0.03,0.01
2014-02-12,0.06,0.02
2014-02-12,0.05,0.01
2014-02-12,0.1,0.02
2014-02-12,0.06,0.02
2014-02-12,0.11,0.03
2014-02-12,0.06,0.07
2014-02-12,0.04,0.1
2014-02-12,0.14,0.21
2014-02-12,0.85,0.79
2014-02-12,0.77,0.77
2014-02-12,3.65,1.87
2014-02-12,4.95,1.97
2014-02-12,5.11,2.05
2014-02-12,4.41,1.69
2014-02-12,3.92,1.64
2014-02-12,2.75,1.57
2014-02-12,4.12,2.16
2014-02-12,9.62,5.33
2014-02-12,7.48,5.3
2014-02-12,8.45,5.49
2014-02-12,2.27,1.98
2014-02-12,0.17,0.13
2014-02-12,0.15,0.11
2014-02-12,0.08,0.08
2014-02-12,0.08,0.06
2014-02-12,0.07,0.1
2014-02-12,0.05,0.18
2014-02-12,0.04,0.15
2014-02-12,0.05,0.18
2014-02-12,0.03,0.1
2014-02-12,0.04,0.07
2014-02-13,0,0
2014-02-13,0.12,0.04
2014-02-13,0.11,0.03
2014-02-13,0.04,0.02
2014-02-13,0.03,0.02
2014-02-13,0.09,0.02
2014-02-13,0.06,0.02
2014-02-13,0.03,0.01
2014-02-13,0.33,0.11
2014-02-13,5.32,2.53
2014-02-13,11.62,5.59
2014-02-13,12.03,7.25
2014-02-13,9.64,5.54
2014-02-13,4.67,2.42
2014-02-13,2.6,1.68
2014-02-13,1.74,1.09
2014-02-13,0.24,0.19
2014-02-13,1.17,0.79
2014-02-13,1.26,0.59
2014-02-13,2.71,1.32
2014-02-13,3.81,1.78
2014-02-13,3.33,1.85
2014-02-13,2.18,1.51
2014-02-13,2.03,1.35
2014-02-13,0.16,0.12
2014-02-13,0.25,0.17
2014-02-13,0.01,0.05
2014-02-13,0.14,0.06
2014-02-13,0.2,0.07
2014-02-13,0.09,0.05
2014-02-13,0.09,0.05
2014-02-13,0.03,0.02
2014-02-13,0.03,0.02
2014-02-13,0.06,0.14
2014-02-13,0.19,0.1
2014-02-13,0.36,0.24
2014-02-13,0.36,0.24
2014-02-13,0.03,0.09
2014-02-13,0.02,0
2014-02-13,0.12,0.05
2014-02-13,0.12,0.04
2014-02-13,0.08,0.16
2014-02-13,0.08,0.15
2014-02-13,0.07,0.07
2014-02-13,0.06,0.05
2014-02-13,0,0.05
2014-02-13,0.01,0.06
2014-02-13,0.24,0.28
2014-02-13,0.19,0.24
2014-02-13,0.1,0.1
2014-02-14,4.77,1.82
2014-02-14,1.43,0.81
2014-02-14,1.05,0.84
2014-02-14,0.11,0.12
2014-02-14,0.2,0.11
2014-02-14,0.31,0.17
2014-02-14,0.33,0.22
2014-02-14,0.33,0.22
2014-02-14,0.25,0.14
2014-02-14,0.14,0.08
2014-02-14,0.14,0.08
2014-02-14,0,0
2014-02-14,0,0
2014-02-14,0.03,0.01
2014-02-14,0.06,0.01
2014-02-14,0.09,0.02
2014-02-14,0.05,0.02
2014-02-14,0.11,0.06
2014-02-14,0.12,0.06
2014-02-14,0.07,0.04
2014-02-14,0.08,0.04
2014-02-14,0.11,0.04
2014-02-14,0.1,0.05
2014-02-14,0.13,0.03
2014-02-14,0.13,0.03
2014-02-14,0.1,0.02
2014-02-14,0.1,0.03
2014-02-14,8.99,4.95
2014-02-14,12.04,6.1
2014-02-14,10.35,4.94
2014-02-14,4.92,1.98
2014-02-14,5.47,2.02
2014-02-14,2.65,1.81
2014-02-14,0.14,0.03
2014-02-14,0.1,0.61
2014-02-14,2.24,1.01
2014-02-14,2.96,1.08
2014-02-14,3.43,1.23
2014-02-14,4.91,1.89
2014-02-14,0.01,0.01
2014-02-14,0.03,0.02
2014-02-14,0.05,0.07
2014-02-14,0.03,0.15
2014-02-14,0.04,0.17
2014-02-14,0.04,0.15
2014-02-14,0.05,0.07
2014-02-14,0.01,0.05
2014-02-14,0.02,0.06
2014-02-14,0.13,0.1
2014-02-14,0.17,0.11
2014-02-14,0.18,0.12
2014-02-14,0.19,0.1
2014-02-15,0.19,0.15
2014-02-15,0.15,0.14
2014-02-15,0.19,0.12
2014-02-15,0.19,0.12
2014-02-15,0.1,0.1
2014-02-15,0.1,0.09
2014-02-15,0.09,0.08
2014-02-15,0.15,0.07
2014-02-15,0.1,0.05
2014-02-15,0.14,0.08
2014-02-15,0.14,0.08
2014-02-15,0.1,0.08
2014-02-15,0.04,0.03
2014-02-15,0.08,0.02
2014-02-15,0.1,0.02
2014-02-15,0.09,0.03
2014-02-15,0.09,0.03
2014-02-15,0.08,0.02
2014-02-15,0.05,0.02
2014-02-15,0.03,0.02
2014-02-15,0.03,0.03
2014-02-15,0.07,0.04
2014-02-15,0.08,0.05
2014-02-15,0.15,0.07
2014-02-15,0.12,0.07
2014-02-15,0.11,0.08
2014-02-15,0.07,0.07
2014-02-15,0.01,0.07
2014-02-15,2.28,1.65
2014-02-15,2.49,1.09
2014-02-15,3.78,1.82
2014-02-15,3.82,1.85
2014-02-15,5.64,2.94
2014-02-15,7.22,3.85
2014-02-15,6.13,2.54
2014-02-15,3.82,2.04
2014-02-15,2.06,1.51
2014-02-15,0.09,0.15
2014-02-15,1.09,0.45
2014-02-15,0.74,0.75
2014-02-15,1.41,1.34
2014-02-15,0.07,0.05
2014-02-15,0.1,0.08
2014-02-15,0.1,0.08
2014-02-15,0.09,0.08
2014-02-15,0.1,0.08
2014-02-15,0.09,0.07
2014-02-15,0.09,0.07
2014-02-15,0.1,0.08
2014-02-15,0.09,0.05
2014-02-15,0.09,0.05
2014-02-15,0.05,0.05
2014-02-15,0.1,0.08
2014-02-15,0.19,0.11
2014-02-15,0.18,0.08
2014-02-16,0,0
2014-02-16,0,0.03
2014-02-16,0.06,0.08
2014-02-16,0.19,0.09
2014-02-16,0.08,0.07
2014-02-16,0.24,0.13
2014-02-16,0.21,0.09
2014-02-16,0.37,0.15
2014-02-16,0.24,0.14
2014-02-16,0.18,0.14
2014-02-16,0.06,0.02
2014-02-16,0.05,0.02
2014-02-16,0.04,0.03
2014-02-16,0.05,0.03
2014-02-16,0.04,0.03
2014-02-16,0.03,0.04
2014-02-16,0.03,0.04
2014-02-16,0.09,0.08
2014-02-16,0.13,0.1
2014-02-16,0.14,0.11
2014-02-16,0.1,0.09
2014-02-16,0.05,0.06
2014-02-16,0.07,0.07
2014-02-16,0.08,0.07
2014-02-16,0.07,0.07
2014-02-16,4.02,2.69
2014-02-16,4.53,2.41
2014-02-16,2.85,2.3
2014-02-16,5.36,3.03
2014-02-16,0.18,0.14
2014-02-16,0.27,0.12
2014-02-16,0.25,0.13
2014-02-16,0.45,0.15
2014-02-16,0.46,0.4
2014-02-16,4.29,2.8
2014-02-16,0.1,0.05
2014-02-16,0.22,0.08
2014-02-16,0.19,0.08
2014-02-16,0.22,0.08
2014-02-16,0.22,0.08
2014-02-16,0.07,0.05
2014-02-16,0.07,0.07
2014-02-16,0.11,0.08
2014-02-16,0.1,0.1
2014-02-16,0.1,0.1
2014-02-16,0.09,0.08
2014-02-16,0.07,0.06
2014-02-16,0.1,0.08
2014-02-16,0.09,0.09
2014-02-17,0.34,0.12
2014-02-17,1.8,0.94
2014-02-17,1.84,0.82
2014-02-17,0.1,0.08
2014-02-17,4.19,1.68
2014-02-17,2.31,0.94
2014-02-17,2.3,1.72
2014-02-17,4.41,2.21
2014-02-17,4.14,1.96
2014-02-17,9.03,5.64
2014-02-17,5.82,4.14
2014-02-17,0.8,0.62
2014-02-17,0.2,0.17
2014-02-17,0.14,0.16
2014-02-17,0.12,0.16
2014-02-17,0.07,0.13
2014-02-17,0.09,0.1
2014-02-17,0.13,0.08
2014-02-17,0.19,0.11
2014-02-17,0.2,0.11
2014-02-17,0.14,0.05
2014-02-17,0.34,0.09
2014-02-17,0.03,0.01
2014-02-17,0.04,0.02
2014-02-17,0.05,0.02
2014-02-17,0.05,0.02
2014-02-17,0.07,0.02
2014-02-17,0.07,0.02
2014-02-17,0.1,0.02
2014-02-17,0.05,0.02
2014-02-17,0.03,0.03
2014-02-17,0.04,0.04
2014-02-17,0.13,0.05
2014-02-17,0.15,0.05
2014-02-17,0.15,0.05
2014-02-17,0.11,0.06
2014-02-17,0.09,0.07
2014-02-17,4.92,2.34
2014-02-17,0.11,0.08
2014-02-17,0.87,0.4
2014-02-17,0.27,0.1
2014-02-17,0.04,0.06
2014-02-17,0.05,0.14
2014-02-17,0.08,0.16
2014-02-17,0.12,0.08
2014-02-17,0.15,0.08
2014-02-17,0.11,0.05
2014-02-17,0.01,0.06
2014-02-17,0,0.07
2014-02-17,0.01,0.09
2014-02-17,0.16,0.13
2014-02-17,0.28,0.18
2014-02-17,0.29,0.16
2014-02-17,0.23,0.14
2014-02-18,0.14,0.06
2014-02-18,0.08,0.05
2014-02-18,0.08,0.04
2014-02-18,0.16,0.08
2014-02-18,0.14,0.1
2014-02-18,0.1,0.14
2014-02-18,0.32,0.17
2014-02-18,0.32,0.17
2014-02-18,0.38,0.19
2014-02-18,0.38,0.19
2014-02-18,0.15,0.08
2014-02-18,0.29,0.1
2014-02-18,0.3,0.12
2014-02-18,0.29,0.12
2014-02-18,0.08,0.13
2014-02-18,0.54,0.29
2014-02-18,0.9,0.79
2014-02-18,0.64,0.7
2014-02-18,1.61,0.93
2014-02-18,2.54,1.17
2014-02-18,4.15,1.67
2014-02-18,3.96,1.29
2014-02-18,2.41,1.83
2014-02-18,3.69,2.14
2014-02-18,9.13,5.63
2014-02-18,11.32,6.41
2014-02-18,4.3,3.78
2014-02-18,1.41,1.14
2014-02-18,0.05,0.02
2014-02-18,0.05,0.01
2014-02-18,0.06,0.02
2014-02-18,0.08,0.03
2014-02-18,0.11,0.03
2014-02-18,0.17,0.04
2014-02-18,0.17,0.04
2014-02-18,0.11,0.04
2014-02-18,0.14,0.05
2014-02-18,0.16,0.06
2014-02-18,0.09,0.05
2014-02-18,0.1,0.05
2014-02-18,0.25,0.14
2014-02-18,0.32,0.17
2014-02-18,0.03,0.06
2014-02-18,0.05,0.17
2014-02-18,0.06,0.15
2014-02-18,0.09,0.07
2014-02-18,0.08,0.07
2014-02-18,0.09,0.06
2014-02-18,0,0.05
2014-02-18,0,0.05
2014-02-18,0,0.08
2014-02-18,0.14,0.15
2014-02-18,0.17,0.2
2014-02-18,0.19,0.2
2014-02-18,0.09,0.15
2014-02-19,0.1,0.05
2014-02-19,0.07,0.04
2014-02-19,0.18,0.06
2014-02-19,0.18,0.06
2014-02-19,0.15,0.06
2014-02-19,0.16,0.05
2014-02-19,0.16,0.05
2014-02-19,0.15,0.04
2014-02-19,0.11,0.03
2014-02-19,0.06,0.02
2014-02-19,0.1,0.02
2014-02-19,0.03,0.01
2014-02-19,0.06,0.02
2014-02-19,5.75,4.47
2014-02-19,5.43,4.24
2014-02-19,0.33,0.14
2014-02-19,9.33,6.31
2014-02-19,4.25,2.88
2014-02-19,4.34,2.56
2014-02-19,0.11,0.09
2014-02-19,0.87,0.8
2014-02-19,0.98,0.87
2014-02-19,3.87,2
2014-02-19,3.9,1.78
2014-02-19,3.87,1.74
2014-02-19,2.51,1.27
2014-02-19,3.19,1.93
2014-02-19,0.39,0.11
2014-02-19,0.21,0.06
2014-02-19,0.19,0.11
2014-02-19,0.21,0.09
2014-02-19,0.13,0.09
2014-02-19,0.14,0.12
2014-02-19,0.09,0.14
2014-02-19,0.21,0.15
2014-02-19,0.21,0.15
2014-02-19,0.36,0.14
2014-02-19,0.05,0.01
2014-02-19,0.04,0.01
2014-02-19,0.1,0.05
2014-02-19,0.31,0.11
2014-02-19,7.89,5.19
2014-02-19,0.04,0.07
2014-02-19,0.05,0.18
2014-02-19,0.06,0.1
2014-02-19,0.07,0.1
2014-02-19,0.08,0.08
2014-02-19,0.08,0.06
2014-02-19,0.06,0.05
2014-02-19,0.03,0.06
2014-02-19,0.02,0.08
2014-02-19,0.15,0.11
2014-02-19,0.17,0.13
2014-02-19,0.18,0.13
2014-02-19,0.15,0.12
2014-02-20,2.63,1.25
2014-02-20,4.43,1.96
2014-02-20,4.24,1.92
2014-02-20,0.28,0.2
2014-02-20,1.1,0.83
2014-02-20,1.01,0.73
2014-02-20,3.11,1.51
2014-02-20,0.23,0.09
2014-02-20,0.35,0.11
2014-02-20,0.33,0.11
2014-02-20,0.36,0.1
2014-02-20,0.17,0.08
2014-02-20,0.19,0.07
2014-02-20,0.11,0.12
2014-02-20,0.1,0.15
2014-02-20,0.23,0.2
2014-02-20,0.36,0.24
2014-02-20,0.36,0.24
2014-02-20,0.33,0.24
2014-02-20,0.35,0.21
2014-02-20,3.17,2
2014-02-20,0.09,0.05
2014-02-20,0.03,0.02
2014-02-20,0.12,0.05
2014-02-20,0.03,0.01
2014-02-20,0.12,0.04
2014-02-20,0.12,0.04
2014-02-20,0.11,0.03
2014-02-20,0.04,0.02
2014-02-20,0.03,0.02
2014-02-20,0.09,0.02
2014-02-20,0.06,0.01
2014-02-20,0.06,0.02
2014-02-20,0.09,0.05
2014-02-20,0.2,0.07
2014-02-20,0.14,0.06
2014-02-20,7.54,5.2
2014-02-20,8.31,5.24
2014-02-20,3.96,2.7
2014-02-20,4.2,2.74
2014-02-20,3.16,1.92
2014-02-20,2.68,1.21
2014-02-20,0.06,0.14
2014-02-20,0.08,0.16
2014-02-20,0.08,0.15
2014-02-20,0.07,0.07
2014-02-20,0.06,0.05
2014-02-20,0.05,0.05
2014-02-20,0,0.04
2014-02-20,0.01,0.06
2014-02-20,0,0.08
2014-02-20,0.18,0.19
2014-02-20,0.24,0.28
2014-02-20,0.22,0.27
2014-02-20,0.13,0.14
2014-02-21,0.1,0.02
2014-02-21,0.13,0.03
2014-02-21,0.11,0.06
2014-02-21,0.12,0.06
2014-02-21,0.07,0.04
2014-02-21,0.07,0.04
2014-02-21,0.05,0.06
2014-02-21,0.05,0.05
2014-02-21,0.07,0.03
2014-02-21,0.07,0.03
2014-02-21,0.08,0.04
2014-02-21,0.11,0.04
2014-02-21,0.05,0.02
2014-02-21,9.42,6.06
2014-02-21,9.55,5.53
2014-02-21,2.88,1.84
2014-02-21,4.26,2.54
2014-02-21,0,0
2014-02-21,0.14,0.07
2014-02-21,0.25,0.14
2014-02-21,0.25,0.14
2014-02-21,0.28,0.17
2014-02-21,0.33,0.22
2014-02-21,0.33,0.22
2014-02-21,0.31,0.17
2014-02-21,2.89,1.34
2014-02-21,2.85,1.19
2014-02-21,0.11,0.2
2014-02-21,0.85,0.7
2014-02-21,2.85,1.53
2014-02-21,3.83,1.83
2014-02-21,0.09,0.02
2014-02-21,0.04,0.02
2014-02-21,0.03,0.02
2014-02-21,0.05,0.07
2014-02-21,0.03,0.1
2014-02-21,0.04,0.17
2014-02-21,0.01,0.05
2014-02-21,0,0.07
2014-02-21,0,0.07
2014-02-21,0.13,0.1
2014-02-21,0.17,0.11
2014-02-21,0.18,0.12
2014-02-21,0.19,0.1
2014-02-21,0.14,0.07
2014-02-22,0.08,0.02
2014-02-22,0.51,0.51
2014-02-22,0.82,0.91
2014-02-22,1.97,1.52
2014-02-22,2.29,1.5
2014-02-22,2.7,1.35
2014-02-22,3.31,1.91
2014-02-22,4.04,2.22
2014-02-22,5.82,3.74
2014-02-22,4.71,3.11
2014-02-22,4.27,2.66
2014-02-22,0.03,0.03
2014-02-22,0.1,0.05
2014-02-22,0.13,0.08
2014-02-22,0.14,0.08
2014-02-22,0.1,0.08
2014-02-22,0.09,0.08
2014-02-22,0.1,0.09
2014-02-22,0.19,0.12
2014-02-22,0.19,0.15
2014-02-22,0.01,0.07
2014-02-22,0,0.06
2014-02-22,0.01,0.05
2014-02-22,0.02,0.05
2014-02-22,0.07,0.07
2014-02-22,0.11,0.08
2014-02-22,0.12,0.07
2014-02-22,0.15,0.07
2014-02-22,0.08,0.05
2014-02-22,0.07,0.04
2014-02-22,0.03,0.05
2014-02-22,0.02,0.06
2014-02-22,0.03,0.05
2014-02-22,0.03,0.02
2014-02-22,0.03,0.05
2014-02-22,0.09,0.06
2014-02-22,0.1,0.08
2014-02-22,0.09,0.07
2014-02-22,0.1,0.08
2014-02-22,0.09,0.07
2014-02-22,0.09,0.05
2014-02-22,0.06,0.05
2014-02-22,0.2,0.11
2014-02-22,0.19,0.11
2014-02-22,0.21,0.11
2014-02-22,0.18,0.08
2014-02-23,0.13,0.1
2014-02-23,0.14,0.11
2014-02-23,0.1,0.09
2014-02-23,0.05,0.06
2014-02-23,0.07,0.07
2014-02-23,0.08,0.07
2014-02-23,0.07,0.07
2014-02-23,4.86,3.22
2014-02-23,4.76,2.58
2014-02-23,3.01,1.96
2014-02-23,4.76,2.99
2014-02-23,5.34,3.31
2014-02-23,5.01,3.15
2014-02-23,6.32,4.65
2014-02-23,0.15,0.11
2014-02-23,0.17,0.16
2014-02-23,0.18,0.14
2014-02-23,0.24,0.14
2014-02-23,0.25,0.13
2014-02-23,0.27,0.12
2014-02-23,0.05,0.03
2014-02-23,0.02,0.03
2014-02-23,0.03,0.04
2014-02-23,0.03,0.04
2014-02-23,0.08,0.05
2014-02-23,0.09,0.06
2014-02-23,0,0.03
2014-02-23,0.02,0.04
2014-02-23,0.06,0.08
2014-02-23,0.06,0.03
2014-02-23,0.09,0.08
2014-02-23,0.02,0.01
2014-02-23,0.1,0.05
2014-02-23,0.19,0.08
2014-02-23,0.22,0.08
2014-02-23,0.07,0.07
2014-02-23,0.11,0.08
2014-02-23,0.1,0.1
2014-02-23,0.1,0.1
2014-02-23,0.09,0.08
2014-02-23,0.39,0.28
2014-02-23,0.23,0.16
2014-03-09,4.38,2.59
2014-03-09,2.09,1.37
2014-03-09,2.79,1.81
2014-03-09,5.04,3.13
2014-03-09,0.51,0.46
2014-03-10,7.24,4.84
2014-03-10,10.17,5.6
2014-03-10,3.91,1.97
2014-03-10,5.65,2.23
2014-03-10,3.72,1.79
2014-03-10,0.5,0.4
2014-03-11,8.87,5.04
2014-03-11,2.18,1.25
2014-03-11,2.54,1.26
2014-03-11,2.25,0.84
2014-03-11,2.92,1.06
2014-03-11,0.23,0.2
2014-03-11,5.49,1.56
2014-03-12,7.6,5.09
2014-03-12,3.56,2.23
2014-03-12,4.23,2.02
2014-03-12,2.84,1.33
2014-03-12,2.75,1.59
2014-03-12,4.89,3.36
2014-03-12,4.07,1.58
2014-03-13,4.43,4.71
2014-03-13,9.03,6.07
2014-03-13,5.07,2.66
2014-03-13,3.58,1.71
2014-03-13,2.56,1.26
2014-03-13,0.33,0.25
2014-03-13,0,0.16
2014-03-13,8.73,5.09
2014-03-13,2.41,1.2
2014-03-13,3.59,1.62
2014-03-13,0.77,0.62
2014-03-14,1.35,0.99
2014-03-14,2.79,1.49
2014-03-14,2.25,1.54
2014-03-14,8.32,4.45
2014-03-14,2.86,1.58
2014-03-14,0,0.16
2014-03-14,0.46,0.28
2014-03-14,0.81,0.65
2014-03-14,2.26,1.35
2014-03-15,0.13,0.12
2014-03-15,0.58,0.36
2014-03-15,2.24,1.38
2014-03-15,1.71,0.97
2014-03-15,1.28,1.38
2014-03-15,2.88,1.76
2014-03-15,5.3,4.32
2014-03-16,4.49,2.41
2014-03-16,2.72,1.64
2014-03-17,0.09,0.19
2014-03-17,0.57,0.79
2014-03-17,4.9,1.88
2014-03-17,2.25,1.06
2014-03-17,2.06,0.97
2014-03-17,1.73,1.25
2014-03-17,3.77,1.74
2014-03-17,9.18,5.22
2014-03-17,0.09,0.15
2014-03-18,0.01,0.15
2014-03-18,1.81,1.25
2014-03-18,1.99,1.02
2014-03-18,1.79,0.93
2014-03-18,1.7,0.89
2014-03-18,11.91,6.56
2014-03-19,0.16,0.11
2014-03-19,0.01,0.23
2014-03-19,1.17,0.85
2014-03-19,3.57,1.91
2014-03-19,1.9,0.84
2014-03-19,1.42,0.78
2014-03-19,2.02,0.86
2014-03-19,6.33,2.89
2014-03-19,2.71,2.17
2014-03-20,0.01,0.14
2014-03-20,0.72,0.78
2014-03-20,2.71,0.88
2014-03-20,3.04,0.86
2014-03-20,9.92,5.3
2014-03-20,4.24,3.73
2014-03-21,0.01,0.18
2014-03-21,3.76,1.47
2014-03-21,2.43,1.23
2014-03-21,1.72,0.97
2014-03-21,2.27,1.11
2014-03-21,3.93,2.01
2014-03-21,3.35,1.96
2014-03-21,9.69,5.19
2014-03-22,0.31,0.38
2014-03-22,0.21,0.82
2014-03-22,2.95,1.74
2014-03-22,1.08,1.3
2014-03-22,5.93,3.58
2014-03-22,5.4,2.82
2014-03-23,4.43,2.77
2014-03-23,7.31,5.35
2014-03-23,7.74,5.16
2014-03-23,2.9,1.9
2014-03-24,0.11,0.11
2014-03-24,1.37,0.64
2014-03-24,5.82,2.15
2014-03-25,10.71,6.24
2014-03-25,2.36,1.1
2014-03-25,3.72,1.53
2014-03-25,2.2,1.19
2014-03-25,4.69,1.89
2014-03-25,0.18,0.12
2014-03-25,0.35,0.33
2014-03-25,1.14,0.8
2014-03-25,4.1,1.88
2014-03-26,4.47,1.62
2014-03-26,10.01,5.76
2014-03-26,3.6,1.71
2014-03-26,3.2,1.29
2014-03-26,0.71,0.37
2014-03-26,1.58,0.73
2014-03-26,1.27,1.08
2014-03-26,4.54,2.08
2014-03-26,4.97,2.14
2014-03-27,0.44,0.27
2014-03-27,2.86,1.43
2014-03-27,3.48,1.11
2014-03-27,2.05,1.01
2014-03-27,2.61,1.12
2014-03-27,0.44,0.36
2014-03-27,3.45,1.62
2014-03-27,2.02,1.16
2014-03-27,8.96,4.99
2014-03-27,5.63,4.43
2014-03-28,2.52,1.36
2014-03-28,6.45,3.46
2014-03-28,2.3,1.58
2014-03-28,2.41,0.78
2014-03-28,3.42,1.6
2014-03-28,2.78,1.14
2014-03-28,3.77,1.73
2014-03-28,3.16,1.75
2014-03-28,0.87,0.64
2014-03-28,0.43,0.36
2014-03-28,8.27,4.48
2014-03-28,2.74,1.41
2014-03-28,0.24,0.31
2014-03-29,7.02,4.09
2014-03-29,5.3,2.95
2014-03-29,1.63,1.4
2014-03-29,1.04,1.18
2014-03-30,3.41,2.43
2014-03-30,2.65,2.24
2014-03-30,3.95,3.08
2014-03-31,5.36,3.78
2014-03-31,2.56,2.17
2014-03-31,1.67,1.28
2014-03-31,1.8,0.85
2014-03-31,2.85,1.04
2014-03-31,4.34,1.85
2014-03-31,0.86,0.74
2014-04-01,2.02,1.07
2014-04-01,2.46,1.29
2014-04-01,4.14,2.06
2014-04-01,0.86,0.47
2014-04-01,3.63,1.96
2014-04-01,6.46,4.53
2014-04-01,1.98,1.04
2014-04-02,3.47,1.53
2014-04-02,5.12,3.33
2014-04-02,3.38,1.14
2014-04-02,2.79,1.43
2014-04-02,3.23,1.34
2014-04-02,2.8,1.08
2014-04-02,0.53,0.23
2014-04-02,3.86,1.99
2014-04-02,4.01,1.44
2014-04-03,2.63,1.06
2014-04-03,2.69,1.14
2014-04-03,4.05,1.54
2014-04-03,3.43,1.69
2014-04-03,3.38,1.59
2014-04-03,4.28,1.71
2014-04-03,1.01,0.57
2014-04-03,2.07,1.01
2014-04-03,1.24,1.15
2014-04-03,3.45,1.77
2014-04-03,3.7,3.49
2014-04-04,0.51,0.42
2014-04-04,1.01,0.87
2014-04-04,3.1,1.45
2014-04-04,3.14,1.17
2014-04-04,2.44,1.04
2014-04-04,2.17,1.07
2014-04-04,2.9,1.53
2014-04-04,1.52,0.81
2014-04-04,8.33,4.26
2014-04-05,0.4,0.45
2014-04-05,0.59,0.57
2014-04-05,0.81,0.83
2014-04-05,1.66,1.38
2014-04-05,1.68,1.09
2014-04-05,1.05,1.16
2014-04-05,4.69,2.69
2014-04-06,0.7,0.22
2014-04-06,1.43,1.58
2014-04-06,4.68,3.31
2014-04-06,3.1,2.07
2014-04-06,3.33,2.17
2014-04-06,3.86,2.43
2014-04-06,5.21,4.13
2014-04-07,0.49,0.41
2014-04-07,0.88,0.39
2014-04-07,0.94,0.86
2014-04-07,2.61,1.1
2014-04-07,2.55,1.15
2014-04-07,1.66,1
2014-04-07,3.35,1.98
2014-04-07,3.19,3.65
2014-04-08,1.01,0.54
2014-04-08,1.36,0.42
2014-04-08,3.64,1.67
2014-04-08,1.36,0.73
2014-04-08,2.73,1.41
2014-04-08,7.45,4.87
2014-04-09,0.79,0.33
2014-04-09,0.78,0.57
2014-04-09,1.46,1.11
2014-04-09,3.9,1.3
2014-04-09,3.75,2.36
2014-04-09,6.42,4.19
2014-04-09,4.89,4.01
2014-04-10,0.15,0.09
2014-04-10,0.97,0.3
2014-04-10,1,0.31
2014-04-10,1.91,1
2014-04-10,2.2,1.35
2014-04-10,1.74,1.11
2014-04-10,2.43,2.11
2014-04-10,6.36,3.34
2014-04-11,0.4,0.13
2014-04-11,0.73,0.36
2014-04-11,2.81,1.33
2014-04-11,2.5,1.48
2014-04-11,1.52,0.76
2014-04-11,2.88,1.33
2014-04-11,1.89,0.8
2014-04-11,2.82,1.16
2014-04-11,7.04,4.08
2014-04-12,0.6,0.71
2014-04-12,0.86,0.69
2014-04-12,3.28,2.16
2014-04-12,6.79,3.12
2014-04-12,4.54,3.07
2014-04-12,5.33,3.1
2014-04-13,2.71,1.82
2014-04-13,3.1,1.6
2014-04-13,4.6,2.94
2014-04-13,0.52,0.36
2014-04-13,2.31,2.32
2014-04-14,7.51,4.51
2014-04-14,2.79,2.01
2014-04-14,2.59,1.07
2014-04-14,2.98,1.29
2014-04-14,6.03,2.21
2014-04-14,0.5,0.69
2014-04-14,0.36,0.47
2014-04-14,0.01,0.17
2014-04-15,0,0.1
2014-04-15,0.25,0.37
2014-04-15,0.63,0.41
2014-04-15,1.79,0.88
2014-04-15,2.2,0.84
2014-04-15,2.4,1
2014-04-15,1.52,1.2
2014-04-15,6.88,4.44
2014-04-15,6.27,4.34
2014-04-16,0.31,0.21
2014-04-16,0.5,0.44
2014-04-16,0.56,0.59
2014-04-16,0.36,0.55
2014-04-16,3.95,1.78
2014-04-16,4.53,1.82
2014-04-16,3.1,1.21
2014-04-16,2.64,1.4
2014-04-16,1.22,1.07
2014-04-16,1.67,1.39
2014-04-16,8.26,5.04
2014-04-17,3.39,1.28
2014-04-17,2.99,1.42
2014-04-17,4.39,2.06
2014-04-17,6.44,3.96
2014-04-17,4.65,2.62
2014-04-17,2.78,1.07
2014-04-17,3.03,0.91
2014-04-17,1.67,0.76
2014-04-17,1.5,1.16
2014-04-17,6.12,1.86
2014-04-17,0.84,0.58
2014-04-17,0,0.12
2014-04-17,6.09,1.98
2014-04-17,3.8,1.61
2014-04-17,0.11,0.13
2014-04-18,2,1.09
2014-04-18,4.05,1.88
2014-04-18,5.34,1.81
2014-04-18,0.54,0.16
2014-04-18,0.47,0.56
2014-04-18,1.19,0.58
2014-04-18,0.17,0.2
2014-04-18,0.11,0.27
2014-04-18,0.16,0.35
2014-04-18,0.16,0.31
2014-04-18,0,0.49
2014-04-18,0.17,0.57
2014-04-18,0.17,0.59
2014-04-18,0.18,0.52
2014-04-18,0.7,0.53
2014-04-18,0.91,0.95
2014-04-18,8.5,5.4
2014-04-18,1.15,0.96
2014-04-18,3.61,1.66
2014-04-18,1.45,1.1
2014-04-19,0.15,0.18
2014-04-19,0.16,0.33
2014-04-19,0.67,0.45
2014-04-19,0.51,0.51
2014-04-19,0.32,0.77
2014-04-19,1.43,0.72
2014-04-19,1.81,1.15
2014-04-19,0.09,0.31
2014-04-19,0.01,0.1
2014-04-20,4.13,2.41
2014-04-20,0.76,0.37
2014-04-20,1.16,0.62
2014-04-20,0.41,0.26
2014-04-20,2.22,0.81
2014-04-20,1.08,0.71
2014-04-20,1.56,0.95
2014-04-20,0.71,0.51
2014-04-20,0.2,0.45
2014-04-20,0.19,0.28
2014-04-21,1.33,0.57
2014-04-21,3.9,2.04
2014-04-21,0.17,0.37
2014-04-21,0,0.52
2014-04-21,1.52,1.28
2014-04-21,0.36,0.47
2014-04-21,0,0.76
2014-04-21,0.24,0.69
2014-04-21,0.28,0.43
2014-04-21,3.81,4.6
2014-04-21,4.4,4.7
2014-04-21,4.01,2.17
2014-04-21,0.49,0.65
2014-04-22,2.45,1.64
2014-04-22,0.04,0.12
2014-04-22,3.11,2.85
2014-04-22,3.12,2
2014-04-22,0.25,0.25
2014-04-22,0.03,0.46
2014-04-22,0.27,0.5
2014-04-22,0.17,0.49
2014-04-22,0.81,0.5
2014-04-22,0.79,0.95
2014-04-22,0.11,0.39
2014-04-22,0,0.28
2014-04-22,2.41,0.93
2014-04-22,5.31,2.21
2014-04-22,1.76,1.15
2014-04-22,1.9,0.85
2014-04-22,1.04,0.57
2014-04-22,0,0.06
2014-04-23,1.68,1.09
2014-04-23,0,0.45
2014-04-23,1.41,1.35
2014-04-23,0.05,0.17
2014-04-23,1.02,0.58
2014-04-23,0.88,0.55
2014-04-23,1.82,1.36
2014-04-23,3.93,1.77
2014-04-23,4.19,1.68
2014-04-23,1.9,1.08
2014-04-23,1.82,0.89
2014-04-23,2.33,1.01
2014-04-23,2.53,1.45
2014-04-23,3.42,1.82
2014-04-23,3.32,2.01
2014-04-23,3.65,2.83
2014-04-23,0.09,0.55
2014-04-23,0,0.16
2014-04-23,0.19,0.54
2014-04-24,2.07,1.01
2014-04-24,0.12,0.11
2014-04-24,0.21,0.17
2014-04-24,0.16,0.43
2014-04-24,0.16,0.67
2014-04-24,0.18,0.66
2014-04-24,0.07,0.48
2014-04-24,1.01,1.49
2014-04-24,0.19,0.12
2014-04-24,0.38,0.43
2014-04-24,5.66,1.77
2014-04-24,3.18,0.87
2014-04-24,1.31,0.83
2014-04-24,4.04,2.15
2014-04-24,2.19,1.7
2014-04-24,1.93,1.21
2014-04-24,5.01,2.87
2014-04-24,7.35,5.38
2014-04-25,0.17,0.65
2014-04-25,0.31,0.49
2014-04-25,1.14,1.27
2014-04-25,0.22,0.22
2014-04-25,0.12,0.15
2014-04-25,2.26,1.38
2014-04-25,2.79,1.88
2014-04-25,2.46,2.02
2014-04-25,5.2,4.01
2014-04-25,0.27,0.45
2014-04-25,0.16,0.51
2014-04-25,0.7,0.74
2014-04-25,0.73,0.46
2014-04-25,1.99,1.05
2014-04-25,1.57,1.01
2014-04-25,2.35,1.37
2014-04-25,3.22,2.05
2014-04-25,2.91,1.38
2014-04-26,0.14,0.26
2014-04-26,0.06,0.32
2014-04-26,0,0.14
2014-04-26,0.35,0.36
2014-04-26,0.8,0.66
2014-04-26,0.98,0.62
2014-04-26,5.82,3.2
2014-04-26,6.19,3.81
2014-04-26,4.12,2.79
2014-04-26,0.19,0.47
2014-04-26,0.33,0.5
2014-04-26,0.11,0.5
2014-04-26,0.37,1
2014-04-27,0.52,0.34
2014-04-27,4.89,3.87
2014-04-27,2.49,2.35
2014-04-27,1.72,1.14
2014-04-27,0.76,1.31
2014-04-27,0.82,0.9
2014-04-27,3.39,1.88
2014-04-27,0.37,0.35
2014-04-27,0.57,0.93
2014-04-27,3.21,1.66
2014-04-27,0.14,0.18
2014-04-28,0,0.3
2014-04-28,0.19,0.59
2014-04-28,0.11,0.26
2014-04-28,0.93,0.58
2014-04-28,2.34,1.11
2014-04-28,3.65,1.57
2014-04-28,2.62,1.74
2014-04-28,3.38,1.93
2014-04-28,0.14,0.44
2014-04-28,0.23,0.35
2014-04-28,0.23,0.41
2014-04-28,0.19,0.46
2014-04-28,4.04,3.82
2014-04-28,0.35,0.09
2014-04-28,0.12,0.15
2014-04-29,2.51,1.57
2014-04-29,0,0.1
2014-04-29,0.46,0.43
2014-04-29,0.32,0.37
2014-04-29,0.03,0.31
2014-04-29,0.13,0.26
2014-04-29,0.02,0.17
2014-04-29,0.01,0.1
2014-04-29,1.86,1.02
2014-04-29,1.02,0.72
2014-04-29,1.42,1.11
2014-04-29,2.83,1.27
2014-04-29,0.99,1.51
2014-04-29,0.04,0.37
2014-04-29,0.64,0.66
2014-04-29,0,0.09
2014-04-29,7.92,5.65
2014-04-29,0,0.11
2014-04-30,0.58,0.19
2014-04-30,0.33,0.24
2014-04-30,3.49,3.02
2014-04-30,0.21,0.4
2014-04-30,0.88,0.54
2014-04-30,0.5,0.5
2014-04-30,0.65,0.5
2014-04-30,2.4,1.85
2014-04-30,2.71,1.58
2014-04-30,3.22,1.07
2014-04-30,4.71,1.45
2014-04-30,0.51,0.6
2014-04-30,0.18,0.56
2014-04-30,0.13,0.2
2014-04-30,2.2,1.2
2014-04-30,4.92,1.73
2014-04-30,0.36,0.33
2014-04-30,0.23,0.3
2014-04-30,2.08,1.73
2014-05-01,0.15,0.08
2014-05-01,0.08,0.05
2014-05-01,0.15,0.17
2014-05-01,0.07,0.09
2014-05-01,0.05,0.04
2014-05-01,0.09,0.05
2014-05-01,0.11,0.05
2014-05-01,0.68,0.53
2014-05-01,0.43,0.57
2014-05-01,0,0.54
2014-05-01,2.89,2.34
2014-05-01,0.93,0.67
2014-05-01,0.25,0.83
2014-05-01,2.03,1.73
2014-05-01,1.21,0.41
2014-05-01,1.21,0.38
2014-05-01,0.47,0.17
2014-05-01,0.48,0.2
2014-05-01,4.87,2.71
2014-05-01,4.26,2.06
2014-05-01,4.82,2.01
2014-05-01,0.35,0.66
2014-05-01,0.1,0.15
2014-05-01,0.58,0.45
2014-05-01,1.97,1.58
2014-05-01,0.26,0.72
2014-05-01,0.98,0.63
2014-05-02,0.41,0.21
2014-05-02,1.26,0.76
2014-05-02,3.17,1.91
2014-05-02,3.58,1.87
2014-05-02,1.74,1.92
2014-05-02,2.32,1.61
2014-05-02,8.45,4.77
2014-05-02,0.09,0.1
2014-05-02,0.08,0.09
2014-05-02,0.12,0.08
2014-05-02,0.09,0.05
2014-05-02,0.02,0.04
2014-05-02,0.11,0.09
2014-05-02,0.15,0.12
2014-05-02,0.36,0.45
2014-05-02,0.01,0.19
2014-05-02,0.22,0.23
2014-05-02,0.16,0.26
2014-05-02,0.11,0.1
2014-05-03,0.22,0.15
2014-05-03,0.01,0.22
2014-05-03,1.27,0.85
2014-05-03,1.32,1.13
2014-05-03,1.43,1.15
2014-05-03,4.15,2.76
2014-05-03,5.57,3.68
2014-05-03,0.53,0.32
2014-05-03,0.17,0.32
2014-05-03,0.65,0.7
2014-05-03,1.11,1.08
2014-05-03,0.08,0.09
2014-05-03,0.06,0.04
2014-05-03,0.08,0.06
2014-05-03,0.09,0.06
2014-05-03,0.13,0.06
2014-05-03,0.06,0.06
2014-05-03,0.11,0.07
2014-05-03,0.07,0.07
2014-05-03,0.41,0.31
2014-05-03,0.36,0.24
2014-05-03,0.38,0.16
2014-05-03,0.11,0.08
2014-05-03,0.08,0.07
2014-05-04,1.59,1.42
2014-05-04,2.51,1.71
2014-05-04,0.51,0.48
2014-05-04,0.27,0.28
2014-05-04,2.14,1.03
2014-05-04,0,0.05
2014-05-04,0.34,0.43
2014-05-04,0.42,0.26
2014-05-04,0.5,0.71
2014-05-04,0.47,1.03
2014-05-04,0.72,1.26
2014-05-04,0.79,0.85
2014-05-04,0.06,0.01
2014-05-04,0.15,0.07
2014-05-04,0.26,0.11
2014-05-04,0.26,0.11
2014-05-04,0.18,0.09
2014-05-04,0.15,0.08
2014-05-04,0.17,0.08
2014-05-04,0.28,0.18
2014-05-04,0.62,0.4
2014-05-04,0.62,0.4
2014-05-05,3.25,1.17
2014-05-05,2.48,0.96
2014-05-05,1.95,1.23
2014-05-05,3.83,1.63
2014-05-05,1.89,1.66
2014-05-05,2.7,1.26
2014-05-05,0.63,0.57
2014-05-05,0.74,0.61
2014-05-05,0,0.09
2014-05-05,0.21,0.35
2014-05-05,0.22,0.23
2014-05-05,0.25,0.14
2014-05-05,0.01,0.22
2014-05-05,0,0.22
2014-05-05,0,0.15
2014-05-05,0.25,0.1
2014-05-05,0.24,0.23
2014-05-05,0.08,0.32
2014-05-05,0.18,0.26
2014-05-05,0.09,0.07
2014-05-05,0.08,0.05
2014-05-05,0.08,0.06
2014-05-05,0.1,0.06
2014-05-05,0.1,0.07
2014-05-05,0.04,0.09
2014-05-05,0.01,0.22
2014-05-05,0.13,0.13
2014-05-06,8.27,5.04
2014-05-06,0.04,0.04
2014-05-06,0.09,0.05
2014-05-06,0.11,0.05
2014-05-06,0.15,0.04
2014-05-06,0.09,0.05
2014-05-06,2.61,2.1
2014-05-06,3.48,2.02
2014-05-06,2.59,1.01
2014-05-06,5.31,1.79
2014-05-06,3.79,0.9
2014-05-06,3.02,0.81
2014-05-06,3.34,1.56
2014-05-06,0.18,0.1
2014-05-06,0.13,0.09
2014-05-06,0.11,0.1
2014-05-06,0.11,0.17
2014-05-06,0.14,0.12
2014-05-06,0.14,0.2
2014-05-06,0.44,0.35
2014-05-06,0.3,0.33
2014-05-06,0.45,0.44
2014-05-06,0.45,0.43
2014-05-06,0.4,0.42
2014-05-06,0.8,1.03
2014-05-06,0.7,0.89
2014-05-06,1.2,0.99
2014-05-06,2.69,1.43
2014-05-06,0.72,0.39
2014-05-06,0.5,0.23
2014-05-06,0.52,0.29
2014-05-06,0.77,0.35
2014-05-06,1.13,0.52
2014-05-06,0.09,0.07
2014-05-07,0.01,0.24
2014-05-07,0.08,0.2
2014-05-07,0.43,0.1
2014-05-07,0.29,0.13
2014-05-07,0.92,0.66
2014-05-07,0.38,0.49
2014-05-07,0.7,1
2014-05-07,0.8,0.5
2014-05-07,0,0.18
2014-05-07,0.13,0.27
2014-05-07,0.62,0.37
2014-05-07,1.08,0.83
2014-05-07,0.75,0.68
2014-05-07,1.27,0.85
2014-05-07,3.69,1.51
2014-05-07,4.04,1.66
2014-05-07,3.21,0.94
2014-05-07,2.79,0.86
2014-05-07,2,0.88
2014-05-07,3.73,1.49
2014-05-07,2.77,1.92
2014-05-07,3.31,2.65
2014-05-07,0.08,0.08
2014-05-07,0.09,0.05
2014-05-07,0.07,0.08
2014-05-07,0.08,0.08
2014-05-07,0.06,0.07
2014-05-07,0,0.54
2014-05-07,0.01,0.21
2014-05-07,0,0.08
2014-05-07,0.19,0.56
2014-05-07,0.11,0.09
2014-05-07,0,0.49
2014-05-08,0.32,0.39
2014-05-08,0.1,0.03
2014-05-08,0.08,0.05
2014-05-08,0.15,0.08
2014-05-08,0.11,0.05
2014-05-08,0.09,0.05
2014-05-08,0.05,0.04
2014-05-08,0.03,0.04
2014-05-08,0.07,0.09
2014-05-08,0.15,0.17
2014-05-08,0,0.44
2014-05-08,0.12,0.58
2014-05-08,0.11,0.51
2014-05-08,0,0.45
2014-05-08,0,0.03
2014-05-08,0.85,0.42
2014-05-08,0.89,0.49
2014-05-08,0.56,0.34
2014-05-08,0.44,0.6
2014-05-08,4.45,1.8
2014-05-08,2.77,1.76
2014-05-08,1.07,1.01
2014-05-08,1.97,1.5
2014-05-08,3.43,1.65
2014-05-08,2.73,1.91
2014-05-08,1.05,0.53
2014-05-08,0.96,0.72
2014-05-08,0.63,0.38
2014-05-08,0.65,0.32
2014-05-08,0.17,0.29
2014-05-08,0.01,0.2
2014-05-09,1.32,0.98
2014-05-09,3.09,1.87
2014-05-09,3.25,1.99
2014-05-09,2.48,1.97
2014-05-09,2.56,1.65
2014-05-09,0.34,0.64
2014-05-09,0.23,0.61
2014-05-09,0.21,0.32
2014-05-09,0.09,0.1
2014-05-09,0.12,0.08
2014-05-09,0.1,0.05
2014-05-09,0.02,0.04
2014-05-09,0.08,0.08
2014-05-09,0.11,0.09
2014-05-09,0.56,0.65
2014-05-09,0.1,0.13
2014-05-09,0.02,0.23
2014-05-09,1,1.23
2014-05-09,0.23,0.37
2014-05-09,0.36,0.57
2014-05-09,0.05,0.42
2014-05-09,0.19,0.27
2014-05-09,0.05,0.23
2014-05-09,0.01,0.24
2014-05-09,7.1,4.26
2014-05-09,1.83,1.52
2014-05-09,0.57,0.72
2014-05-09,0.51,0.45
2014-05-09,0.27,0.6
2014-05-09,0.18,0.09
2014-05-09,0.13,0.13
2014-05-09,0.22,0.12
2014-05-09,2.64,1.52
2014-05-10,5.77,2.73
2014-05-10,6.45,3.01
2014-05-10,7.43,4.34
2014-05-10,6.54,3.83
2014-05-10,0.87,0.87
2014-05-10,2.11,1.08
2014-05-10,1.02,1.49
2014-05-10,0.82,1.07
2014-05-10,1.73,1.39
2014-05-10,2.06,1.56
2014-05-10,0.11,0.11
2014-05-10,0.15,0.1
2014-05-10,1.62,1.46
2014-05-10,0.07,0.07
2014-05-10,0.13,0.06
2014-05-10,0.12,0.07
2014-05-10,0.37,0.7
2014-05-10,0,0.26
2014-05-10,0,0.18
2014-05-10,0.08,0.2
2014-05-10,0.08,0.07
2014-05-10,0.11,0.07
2014-05-10,0.06,0.06
2014-05-10,0.12,0.06
2014-05-10,0.12,0.06
2014-05-10,0.09,0.06
2014-05-10,0.44,0.67
2014-05-10,0.44,0.53
2014-05-10,0.26,0.38
2014-05-10,0,0.24
2014-05-11,0.09,0.06
2014-05-11,0.11,0.07
2014-05-11,0.11,0.07
2014-05-11,0.08,0.04
2014-05-11,0.11,0.06
2014-05-11,0.15,0.08
2014-05-11,0.16,0.08
2014-05-11,0.17,0.09
2014-05-11,0.18,0.11
2014-05-11,0.18,0.11
2014-05-11,0.1,0.06
2014-05-11,0.14,0.08
2014-05-11,0.17,0.1
2014-05-11,0.2,0.11
2014-05-11,0.57,0.35
2014-05-11,0.7,0.4
2014-05-11,0.7,0.4
2014-05-11,0.4,0.22
2014-05-11,2.04,1.49
2014-05-11,1.98,1.53
2014-05-11,1.33,0.8
2014-05-11,1.43,0.93
2014-05-11,1.19,0.78
2014-05-11,0.89,0.7
2014-05-11,0.12,0.04
2014-05-11,4.33,3.04
2014-05-11,3.52,1.98
2014-05-11,1.16,1.04
2014-05-11,4.73,3.11
2014-05-11,0.5,0.46
2014-05-11,0.42,0.36
2014-05-12,0.06,0.05
2014-05-12,0.13,0.05
2014-05-12,0.7,0.39
2014-05-12,1.44,0.85
2014-05-12,2.77,1.03
2014-05-12,2.34,1.5
2014-05-12,3.27,2.08
2014-05-12,10.22,6.96
2014-05-12,0.04,0.09
2014-05-12,0.08,0.06
2014-05-12,0.02,0.04
2014-05-12,0.08,0.05
2014-05-12,0.12,0.06
2014-05-12,0.08,0.06
2014-05-12,0.1,0.06
2014-05-12,0.05,0.09
2014-05-13,0.12,0.05
2014-05-13,0,0.12
2014-05-13,0.01,0.23
2014-05-13,0.66,0.91
2014-05-13,0.09,0.05
2014-05-13,0.01,0.27
2014-05-13,0.69,0.68
2014-05-13,0.11,0.05
2014-05-13,2.52,1.85
2014-05-13,5,3.86
2014-05-13,2.24,0.73
2014-05-13,0.55,0.46
2014-05-13,1.34,0.7
2014-05-13,4.09,1.67
2014-05-13,2.33,1.06
2014-05-13,1.96,0.86
2014-05-13,0.08,0.06
2014-05-13,0.08,0.09
2014-05-13,0.08,0.06
2014-05-13,0.09,0.05
2014-05-13,0.15,0.03
2014-05-13,0.15,0.04
2014-05-13,0.06,0.13
2014-05-13,0.16,0.26
2014-05-13,0,0.27
2014-05-13,0.12,0.27
2014-05-13,0.01,0.18
2014-05-14,0.06,0.07
2014-05-14,0.06,0.05
2014-05-14,0.05,0.04
2014-05-14,0.08,0.08
2014-05-14,0.14,0.08
2014-05-14,4.54,1.96
2014-05-14,8.76,4.79
2014-05-14,0.11,0.18
2014-05-14,0.33,0.15
2014-05-14,0.31,0.12
2014-05-14,0.01,0.16
2014-05-14,0.16,0.25
2014-05-14,0.25,0.18
2014-05-14,0.14,0.24
2014-05-14,0.26,0.53
2014-05-14,0.15,0.48
2014-05-14,0.59,0.38
2014-05-14,1.15,1.25
2014-05-14,3.06,1.66
2014-05-14,4.17,1.45
2014-05-14,3.8,1.34
2014-05-14,1.85,0.73
2014-05-14,3.95,1.61
2014-05-14,0.13,0.2
2014-05-14,1.19,0.66
2014-05-14,2.54,0.95
2014-05-15,1.75,1.04
2014-05-15,2.38,0.84
2014-05-15,1.79,0.88
2014-05-15,2.93,1.24
2014-05-15,0.15,0.08
2014-05-15,0.11,0.05
2014-05-15,0.09,0.05
2014-05-15,0.06,0.07
2014-05-15,0.08,0.05
2014-05-15,0.07,0.09
2014-05-15,0.15,0.04
2014-05-15,0.12,0.03
2014-05-15,0.62,0.81
2014-05-15,1.07,0.85
2014-05-15,0.93,0.93
2014-05-15,0,0.33
2014-05-15,0.22,0.37
2014-05-15,0.12,0.27
2014-05-15,0.17,0.18
2014-05-15,0.44,0.36
2014-05-15,0.33,0.28
2014-05-15,0.18,0.29
2014-05-15,0.03,0.16
2014-05-15,0.01,0.18
2014-05-15,0.04,0.28
2014-05-15,0.21,0.12
2014-05-15,4.15,1.38
2014-05-15,0.53,0.29
2014-05-15,0.53,0.27
2014-05-15,0.01,0.19
2014-05-16,2.3,0.82
2014-05-16,1.75,1.09
2014-05-16,0.31,0.46
2014-05-16,0.07,0.09
2014-05-16,2.62,0.98
2014-05-16,0.12,0.03
2014-05-16,0.11,0.03
2014-05-16,0.11,0.04
2014-05-16,0.12,0.08
2014-05-16,0.18,0.07
2014-05-16,0.14,0.06
2014-05-16,0.09,0.05
2014-05-16,0.43,0.16
2014-05-16,3.27,1.11
2014-05-16,0.5,0.6
2014-05-16,3.25,1.32
2014-05-16,1.99,1.53
2014-05-16,3.91,1.72
2014-05-16,5.57,2.88
2014-05-16,1.06,0.86
2014-05-16,0.39,0.52
2014-05-16,0.31,0.32
2014-05-16,0.13,0.23
2014-05-16,0.7,0.14
2014-05-16,0.44,0.15
2014-05-16,0.24,0.22
2014-05-16,0.15,0.24
2014-05-16,0.49,0.18
2014-05-17,0.14,0.51
2014-05-17,0.06,0.06
2014-05-17,0.12,0.06
2014-05-17,0.16,0.86
2014-05-17,0.12,0.06
2014-05-17,0.07,0.04
2014-05-17,0.08,0.05
2014-05-17,0.08,0.06
2014-05-17,0.12,0.07
2014-05-17,0.64,0.71
2014-05-17,0,0.55
2014-05-17,0.17,0.27
2014-05-17,0.16,0.37
2014-05-17,5.3,2.77
2014-05-17,0.42,0.18
2014-05-17,0.07,0.07
2014-05-17,0.08,0.07
2014-05-17,1.79,1.21
2014-05-17,0.14,0.19
2014-05-17,0.01,0.24
2014-05-17,0.22,0.43
2014-05-17,0.11,0.07
2014-05-18,1.68,0.97
2014-05-18,0.86,0.68
2014-05-18,0.2,0.76
2014-05-18,0.43,0.55
2014-05-18,1.14,0.73
2014-05-18,2.25,0.97
2014-05-18,0.13,0.08
2014-05-18,0.14,0.1
2014-05-18,0.15,0.17
2014-05-18,0.25,0.28
2014-05-18,0,0.06
2014-05-18,0.31,0.13
2014-05-18,0.02,0.35
2014-05-18,0.08,0.07
2014-05-18,0.26,0.11
2014-05-18,0.1,0.04
2014-05-18,0.18,0.06
2014-05-18,0.17,0.08
2014-05-18,0.15,0.08
2014-05-18,0.26,0.11
2014-05-18,0.18,0.09
2014-05-18,0.09,0.06
2014-05-18,0.36,0.22
2014-05-18,0.63,0.38
2014-05-18,0.56,0.35
2014-05-18,0.56,0.35
2014-05-18,0.13,0.11
2014-05-18,0.09,0.06
2014-05-18,0.07,0.07
2014-05-19,0.48,0.85
2014-05-19,0.25,0.15
2014-05-19,0.02,0.11
2014-05-19,0.03,0.13
2014-05-19,0.23,0.2
2014-05-19,0.11,0.12
2014-05-19,0.2,0.23
2014-05-19,0.38,0.38
2014-05-19,0.86,0.68
2014-05-19,1.89,1.03
2014-05-19,3.02,1.64
2014-05-19,4.05,3.8
2014-05-19,0.09,0.07
2014-05-19,0.08,0.06
2014-05-19,0.12,0.06
2014-05-19,0.08,0.05
2014-05-19,0.02,0.04
2014-05-19,0.1,0.06
2014-05-19,0.1,0.07
2014-05-19,0.13,0.05
2014-05-19,0.11,0.04
2014-05-20,0.19,0.19
2014-05-20,0.01,0.16
2014-05-20,0.67,0.5
2014-05-20,0.09,0.05
2014-05-20,0.12,0.1
2014-05-20,0.16,0.16
2014-05-20,0.61,0.39
2014-05-20,0.93,0.69
2014-05-20,2.65,1.13
2014-05-20,2.38,1.51
2014-05-20,0.37,0.43
2014-05-20,0.75,0.9
2014-05-20,1,1.03
2014-05-20,0.15,0.04
2014-05-20,0.15,0.03
2014-05-20,0.45,0.4
2014-05-20,0.12,0.05
2014-05-20,0.09,0.05
2014-05-20,0.11,0.05
2014-05-20,0.08,0.06
2014-05-20,0.09,0.09
2014-05-20,0.11,0.11
2014-05-20,0.12,0.16
2014-05-21,4.25,3.62
2014-05-21,0.8,0.69
2014-05-21,5.41,3.95
2014-05-21,0.14,0.08
2014-05-21,0.1,0.27
2014-05-21,0.21,0.37
2014-05-21,0.18,0.1
2014-05-21,0.04,0.11
2014-05-21,0.22,0.17
2014-05-21,0.13,0.24
2014-05-21,0.23,0.23
2014-05-21,0.17,0.35
2014-05-21,0.05,0.04
2014-05-21,0.09,0.04
2014-05-21,0.03,0.05
2014-05-21,0.08,0.08
2014-05-22,0.61,0.35
2014-05-22,3.56,2.45
2014-05-22,0.11,0.05
2014-05-22,0.15,0.08
2014-05-22,0.08,0.05
2014-05-22,0.15,0.04
2014-05-22,0.14,0.13
2014-05-22,0.21,0.22
2014-05-22,0.18,0.2
2014-05-22,0.48,0.47
2014-05-22,0.21,0.45
2014-05-22,0.59,0.85
2014-05-22,0.11,0.1
2014-05-22,0.12,0.03
2014-05-22,0.09,0.05
2014-05-22,0.11,0.11
2014-05-22,0.05,0.04
2014-05-22,0.26,0.17
2014-05-23,0.18,0.1
2014-05-23,0.24,0.22
2014-05-23,0.39,0.36
2014-05-23,0.86,0.68
2014-05-23,3.59,1.68
2014-05-23,1.57,0.88
2014-05-23,2.7,1.61
2014-05-23,0.3,0.58
2014-05-23,0.13,0.13
2014-05-23,0.24,0.2
2014-05-23,0.03,0.17
2014-05-23,0.14,0.31
2014-05-23,0.44,0.49
2014-05-23,2.44,1.47
2014-05-23,4.76,2.87
2014-05-23,0.08,0.08
2014-05-23,0.14,0.06
2014-05-23,0.09,0.05
2014-05-23,0.18,0.07
2014-05-23,0.12,0.08
2014-05-23,0.11,0.04
2014-05-23,0.12,0.03
2014-05-23,0.11,0.03
2014-05-23,1.65,0.86
2014-05-24,0.18,0.12
2014-05-24,1.52,1.11
2014-05-24,3.62,2.49
2014-05-26,0.04,0.09
2014-05-26,0.27,0.43
2014-05-26,0.61,0.93
2014-05-27,0.67,0.98
2014-05-27,0.26,0.5
2014-05-27,0.01,0.08
2014-05-27,2.19,1.19
2014-05-27,2.34,1.17
2014-05-27,2.4,0.97
2014-05-27,4.07,1.9
2014-05-28,0.23,0.15
2014-05-28,0.45,0.51
2014-05-28,0.8,0.99
2014-05-28,3.41,1.92
2014-05-28,3.4,1.61
2014-05-29,2.34,0.98
2014-05-29,0.14,0.11
2014-05-29,0.11,0.15
2014-05-29,0.25,0.47
2014-05-29,0.62,0.94
2014-05-29,4.04,2.01
2014-05-29,3.27,1.48
2014-05-29,2.68,1.31
2014-05-30,0.03,0.08
2014-05-30,0.32,0.51
2014-05-30,0.8,0.96
2014-05-30,2.97,1.73
2014-05-30,4.03,1.84
2014-05-30,6.98,4.3
2014-05-30,8.17,5.12
2014-05-31,0.08,0.06
2014-05-31,0.13,0.06
2014-05-31,0.12,0.06
2014-05-31,0.12,0.06
2014-05-31,0.06,0.06
2014-05-31,0.11,0.07
2014-05-31,0.07,0.07
2014-05-31,0.08,0.07
